StringID,English_Translator,Screenshot,Note,English,ChineseTrad,ChineseSimp,Japanese,Korean,Danish,Dutch,French,German,Italian,Norwegian,Russian,Spanish,Swedish,Turkish,Portuguese
TEST_UPDATE_STRING1,Test Update String 1,,,Test Update String 1,測試更新字串 1,测试更新字串 1,テスト更新文字列1,테스트 업데이트 문자열 1,Testopdateringsstreng 1,Test Update String 1,Chaîne de test de mise à jour 1,Test-Update-Zeichenkette 1,Stringa di aggiornamento di prova 1,Testoppdateringsstreng 1,Тестовая строка обновления 1,Cadena de actualización de prueba 1,Testuppdateringssträng 1,Test Güncelleme Dizisi 1,Teste de atualização da string 1
Weapon_Frog,toadfang pike,,Frog,Toadfang Pike,蟾蜍派克,蟾蜍派克,キノピオパイク,두꺼비 송곳니,Tudsefang Gedde,Paddentand Snoek,Brochet Croc-De-Crapaud,Krötenfanghecht,Luccio Zanna Di Rospo,Paddefang Gjedde,Щука-Жабоклык,Lucio Colmillo De Sapo,Toadfang Gädda,Kurbağa Dişi Turna Balığı,Lúcio Presa De Sapo
Hat_Frog,frogguard helm,,Frog,Frogguard Helm,蛙衛頭盔,蛙卫头盔,フロッグガードヘルメット,개구리수호 헬멧,Frogguard-Hjelm,Kikkerwacht Helm,Casque De Garde-Grenouille,Froschwächterhelm,Elmo Della Guardia Delle Rane,Frogguard-Hjelm,Шлем Лягушачьей Защиты,Casco De Guarda Rana,Frogguard-Hjälm,Kurbağa Koruyucu Kask,Leme De Guarda-Rã
Suit_Frog,mireguard plate,,Frog,Mireguard Plate,泥炭防護板,泥炭防护板,マイアガードプレート,미르가드 플레이트,Mireguard-Plade,Mireguard Plaat,Plaque De Protection Anti-Mire,Mireguard-Platte,Piastra Di Protezione Anti-Mire,Mireguard-Plate,Пластина Защитного Экрана,Placa Protectora Contra El Viento,Mireguard-Platta,Mireguard Plakası,Placa De Proteção Contra Incêndio
Aura_Frog,bogfall blades,,Frog,Bogfall Blades,沼澤落葉,沼泽落叶,沼地の刃,습지 낙엽 블레이드,Bogfall-Blade,Moerasbladen,Lames De Tourbière,Moorfallklingen,Lame Per Paludi,Myrfallblader,Болотные Лезвия,Cuchillas De Pantano,Bogfallsblad,Bataklık Bıçakları,Lâminas De Queda De Pântano
Slash_Frog,venomlash,,Frog,Venomlash,毒液鞭,毒液鞭,毒まつげ,베놈래쉬,Giftangreb,Venomlash,Venin,Giftblitz,Venomlash,Giftangrep,Venomlash,Venomlash,Giftsnack,Venomlash,Golpe De Veneno
EQUIPMENT_SET_Frog,bogblade bulwark,,,Bogblade Bulwark,沼澤刀牆,沼泽刀墙,ボグブレード ブルワーク,보그블레이드 방벽,Bogblade Bolværk,Bogblade Bolwerk,Rempart De Bogblade,Bogblade Bollwerk,Baluardo Di Pagblade,Bogblade Bolverk,Болотный Вал,Baluarte De Hoja De Pantano,Bogbladsbulverk,Bataklık Bıçağı Siperliği,Baluarte De Lâmina De Pântano
NEW_CONTENT_PANEL_TITLE,welcome to v8.2!,,,Welcome to v8.2!,歡迎來到v8.2！,欢迎来到v8.2！,バージョン8.2へようこそ！,버전 8.2에 오신 것을 환영합니다!,Velkommen til v8.2!,Welkom bij versie 8.2!,Bienvenue dans la version 8.2 !,Willkommen zu Version 8.2!,Benvenuti alla versione 8.2!,velkommen til v8.2!,Добро пожаловать в версию 8.2!,¡Bienvenido a la versión 8.2!,välkommen till v8.2!,v8.2'ye hoş geldiniz!,Bem-vindo à versão 8.2!
NEW_CONTENT_TEXT_TITLE,fortune favors the bold!,,,Fortune Favors The Bold!,機會總是垂青勇者！,机会总是垂青勇者！,幸運は勇敢な者に味方する！,행운은 용감한 자에게 찾아온다!,Lykken favoriserer de modige!,Het geluk is met de dapperen!,La chance sourit aux audacieux !,Das Glück ist mit den Mutigen!,La fortuna aiuta gli audaci!,lykken favoriserer de modige!,Удача сопутствует смелым!,¡La fortuna favorece a los audaces!,lyckan gynnar de djärva!,Cesur olanlara şans gülümser!,A sorte favorece os audaciosos!
NEW_CONTENT_TEXT_DESC,"v8.2 is here! fortune raid cards have been added to solo raid farming portals! also a new legendary, ironshell gongwarder to power up your bursts!",,,"v8.2 is here! Fortune Raid Cards have been added to Solo Raid farming portals! Also a new Legendary, Ironshell Gongwarder to power up your Bursts!",v8.2版上線囉！幸運突襲卡牌已加入單人突襲刷圖傳送門！還有全新傳奇卡牌「鐵甲守護者」助你強化爆發傷害！,v8.2版上线啰！幸运突袭卡牌已加入单人突袭刷图传送门！还有全新传奇卡牌「铁甲守护者」助你强化爆发伤害！,v8.2が登場！ソロレイドのファーミングポータルにフォーチュンレイドカードが追加されました！さらに、バーストを強化する新しいレジェンダリー、アイアンシェル・ゴングワーダーも登場！,"v8.2 버전이 출시되었습니다! 솔로 레이드 파밍 포털에 행운의 레이드 카드가 추가되었습니다! 또한, 폭발적인 공격력을 강화해 줄 새로운 전설 몬스터, 철갑 수호병이 추가되었습니다!","V8.2 er her! Fortune Raid-kort er blevet tilføjet til solo Raid-farmingportaler! Der er også en ny legendarisk Ironshell Gongwarder, der kan give dine bursts ekstra power!","Versie 8.2 is er! Fortune Raid-kaarten zijn toegevoegd aan de portals voor solo-raidfarming! Ook een nieuwe legendarische kaart, Ironshell Gongwarder, om je bursts te versterken!","La v8.2 est arrivée ! Les cartes Fortune Raid ont été ajoutées aux portails de farm de raids solo ! Découvrez également une nouvelle carte légendaire, le Gardien du Gong à carapace de fer, pour booster vos dégâts !","Version 8.2 ist da! Karten für Glücks-Raids wurden den Solo-Raid-Farmportalen hinzugefügt! Außerdem gibt es einen neuen legendären Gongwächter aus Eisenschale, der eure Angriffe verstärkt!","La versione 8.2 è arrivata! Sono state aggiunte le carte Fortune Raid ai portali per il farming in solitaria! Inoltre, è disponibile una nuova carta leggendaria, Ironshell Gongwarder, per potenziare i tuoi attacchi!",V8.2 er her! Fortune Raid-kort er lagt til solo raid-farmingsportaler! Det er også en ny legendarisk Ironshell Gongwarder som gir deg mer kraft i burstene dine!,Вышла версия 8.2! В порталы для соло-фарма рейдов добавлены карты Fortune Raid! А также новый легендарный монстр — Ironshell Gongwarder — для усиления ваших взрывных атак!,"¡Ya está aquí la versión 8.2! ¡Se han añadido cartas de incursión de la fortuna a los portales de farmeo de incursiones en solitario! ¡Además, un nuevo legendario, el Guardián del Caparazón de Hierro, para potenciar tus ráfagas!",v8.2 är här! Fortune Raid-kort har lagts till i solo Raid-farmingportaler! Det finns även en ny legendarisk Ironshell-Gongwarder som förstärker dina bursts!,v8.2 burada! Tek kişilik baskın farm portallarına şans baskını kartları eklendi! Ayrıca patlamalarınızı güçlendirmek için yeni bir efsanevi karakter olan Ironshell Gongwarder da geldi!,"A versão 8.2 chegou! Adicionamos cartas de incursão da sorte aos portais de farm de incursões solo! Além disso, temos um novo lendário, o Guardião do Gongo Casca de Ferro, para potencializar seus ataques explosivos!"
FROGBUNDLE_TITLE,bogblade bulwark bundle!,,FROG,Bogblade Bulwark Bundle!,沼澤刀鋒堡壘捆綁包！,沼泽刀锋堡垒捆绑包！,ボグブレード ブルワーク バンドル！,보그블레이드 불워크 번들!,Bogblade Bolværksbundt!,Bogblade Bulwark-Bundel!,Pack De Remparts Bogblade !,Bogblade Bollwerk-Bundle!,Pacchetto Baluardo Di Bogblade!,Bogblade Bolverk-Pakke!,Набор «Болотный Бастион»!,¡Paquete De Baluarte De Hoja De Pantano!,Bogblade Bulwark-Paket!,Bataklık Kılıcı Siper Paketi!,Pacote De Baluarte Bogblade!
FROGBUNDLE_CATCH_DESC,increase the damage and duration of blade stream!,,FROG,Increase the damage and duration of Blade Stream!,增加刀鋒流的傷害和持續時間！,增加刀锋流的伤害和持续时间！,ブレードストリームのダメージと持続時間を増加させる！,칼날 흐름의 피해량과 지속 시간을 증가시키세요!,øg skaden og varigheden af ​​​​bladstrømmen!,Verhoog de schade en de duur van de zwaardstraal!,Augmentez les dégâts et la durée de Rafale de lames !,Erhöht den Schaden und die Wirkungsdauer von Klingenstrom!,Aumenta il danno e la durata del flusso di lame!,øk skaden og varigheten av bladstrømmen!,Увеличьте урон и продолжительность действия потока лезвий!,¡Aumenta el daño y la duración del chorro de cuchillas!,öka skadan och varaktigheten av bladströmmen!,Bıçak akışının hasarını ve süresini artırın!,Aumente o dano e a duração do fluxo de lâminas!
BONUS_DESC_StreamOfBladesDurationMult,increases the duration of blade stream.,,,Increases the duration of Blade Stream.,增加葉片氣流的持續時間。,增加叶片气流的持续时间。,ブレードストリームの持続時間を延長します。,블레이드 스트림의 지속 시간을 증가시킵니다.,Øger Varigheden Af ​​Bladstrømmen.,Verlengt De Duur Van De Luchtstroom Door De Schoepen.,Augmente La Durée Du Flux De La Lame.,Verlängert Die Dauer Des Schaufelstrahls.,Aumenta La Durata Del Flusso Di Pale.,Øker Varigheten Av Bladstrømmen.,Увеличивает Продолжительность Струи От Лопасти.,Aumenta La Duración Del Flujo De Las Aspas.,Ökar Bladströmmens Varaktighet.,Bıçak Akışının Süresini Artırır.,Aumenta A Duração Do Fluxo De Ar Da Lâmina.
WEEKLYDEALQUARTERMASTERBUNDLE_TITLE,quartermaster's crate,,WeeklyDealQuartermaster,Quartermaster's Crate,軍需官的箱子,军需官的箱子,補給係の箱,보급병 상자,Kvartermesterens Kasse,Kwartiermeesterskist,Caisse De L'Intendant,Kiste Des Quartiermeisters,Cassa Del Quartiermastro,Kvartermesterens Kasse,Ящик Интенданта,Caja Del Intendente,Kvartermästarens Låda,Levazım Subayının Sandığı,Caixa Do Intendente
WEEKLYDEALQUARTERMASTERBUNDLE_CATCH_DESC,weekly resupply with a bit of everything!,,WeeklyDealQuartermaster,Weekly resupply with a bit of everything!,每週補貨，種類豐富！,每周补货，种类丰富！,毎週、あらゆるものが少しずつ補充されます！,매주 다양한 품목이 보충됩니다!,Ugentlig Genopfyldning Med Lidt Af Hvert!,Wekelijkse Aanvulling Met Een Beetje Van Alles!,Réapprovisionnement Hebdomadaire Avec Un Peu De Tout !,Wöchentliche Nachlieferung Mit Einer Auswahl Von Allem!,Rifornimento Settimanale Con Un Po' Di Tutto!,Ukentlig Påfyll Med Litt Av Hvert!,"Еженедельное Пополнение Запасов, Всего Понемногу!",¡Reabastecimiento Semanal Con Un Poco De Todo!,Veckovis Påfyllning Med Lite Av Allt!,Her Hafta Her Şeyden Biraz Içeren Ikmal!,Reabastecimento Semanal Com Um Pouco De Tudo!
WEEKLYDEALWILDCARDBUNDLE_TITLE,wildcard wednesday bundle,,WeeklyDealWildcard,Wildcard Wednesday Bundle,週三特價套餐,周三特价套餐,ワイルドカード水曜日バンドル,와일드카드 수요일 번들,Wildcard Onsdagspakke,Wildcard Woensdagpakket,Pack Joker Du Mercredi,Wildcard-Mittwoch-Bundle,Pacchetto Wildcard Del Mercoledì,Wildcard Onsdagspakke,Набор Wildcard Wednesday,Paquete Comodín Del Miércoles,Wildcard Onsdagspaket,Joker Çarşamba Paketi,Pacote Curinga De Quarta-Feira
WEEKLYDEALWILDCARDBUNDLE_CATCH_DESC,stock up on raid wildcards weekly!,,WeeklyDealWildcard,stock up on raid wildcards weekly!,每週囤積突襲萬能牌！,每周囤积突袭万能牌！,毎週レイドワイルドカードを補充しよう！,레이드 와일드카드를 매주 넉넉히 구매하세요!,Opbyg Et Ugentligt Antal Raid-Wildcards!,Sla Wekelijks Een Voorraad Raid-Wildcards In!,Faites Le Plein De Jokers De Raid Chaque Semaine !,Sichere Dir Wöchentlich Raid-Wildcards!,Fai Scorta Di Jolly Raid Ogni Settimana!,Hamstre Raid-Wildcards Ukentlig!,Еженедельно Пополняйте Запасы Рейдовых Вайлдкардов!,¡Abastecerse De Comodines De Incursión Semanalmente!,Fyll På Med Raid-Wildcards Varje Vecka!,Her Hafta Baskın Joker Kartlarınızı Stoklayın!,Faça Estoque De Curingas De Incursão Semanalmente!
WEEKLYDEALCRAFTERBOUNTYBUNDLE_TITLE,crafter's bounty bundle,,WeeklyDealCrafterBounty,Crafter's Bounty Bundle,工匠的賞金禮包,工匠的赏金礼包,クラフターズ バウンティ バンドル,제작자의 보상 묶음,Crafter'S Bounty-Pakke,Crafter'S Bounty-Bundel,Lot De Récompenses Pour Artisans,Bastel-Schatzpaket,Pacchetto Di Ricompense Per Artigiani,Crafter'S Bounty-Pakke,Набор «Награда Ремесленника»,Paquete De Recompensa Del Artesano,Crafter'S Bounty-Paket,Zanaatkarın Ganimet Paketi,Pacote De Recompensas Do Artesão
WEEKLYDEALCRAFTERBOUNTYBUNDLE_CATCH_DESC,stock up on crafting shards weekly!,,WeeklyDealCrafterBounty,Stock up on crafting shards weekly!,每週都要儲備製作碎片！,每周都要储备制作碎片！,毎週クラフト用のかけらをストックしておこう！,매주 제작 조각을 비축해 두세요!,Få Styr På Dine Håndværksskår Hver Uge!,Sla Wekelijks Een Voorraad Knutselscherven In!,Faites Le Plein De Fragments D'Artisanat Chaque Semaine !,Deckt Euch Wöchentlich Mit Handwerkssplittern Ein!,Fai Scorta Di Frammenti Di Creazione Ogni Settimana!,Hamstre Masse Håndverksskjær Ukentlig!,Еженедельно Запасайтесь Осколками Для Крафта!,¡Abastecerse De Fragmentos De Artesanía Semanalmente!,Fyll På Med Tillverkningsskärvor Varje Vecka!,Her Hafta Üretim Malzemelerinizi Stoklayın!,Faça Estoque De Fragmentos De Fabricação Semanalmente!
WEEKLYDEALSKIRMISHERBUNDLE_TITLE,skirmisher's supply bundle,,WeeklyDealSkirmisher,Skirmisher's Supply Bundle,散兵補給包,散兵补给包,散兵用補給品セット,산병 보급품 묶음,Skirmisher'S Forsyningspakke,Bevoorradingspakket Van Een Schermutselaar,Paquet De Ravitaillement D'Escarmoucheur,Ausrüstungspaket Für Scharmützel,Kit Di Rifornimenti Per Schermagliatori,Skirmishers Forsyningspakke,Набор Припасов Стрелка,Paquete De Suministros Del Escaramuzador,Skirmishers Förnödenheter,Hafif Piyade Ikmal Paketi,Pacote De Suprimentos Do Escaramuçador
WEEKLYDEALSKIRMISHERBUNDLE_CATCH_DESC,power up your raids every week!,,WeeklyDealSkirmisher,Power up your raids every week!,每週提升你的突襲戰實力！,每周提升你的突袭战实力！,毎週レイドを強化しよう！,매주 레이드를 더욱 강력하게 만드세요!,Giv Dine Raids Ekstra Kraft Hver Uge!,Geef Je Raids Elke Week Een Boost!,Améliorez Vos Raids Chaque Semaine !,Verstärke Deine Raids Jede Woche!,Potenzia I Tuoi Raid Ogni Settimana!,Få Fart På Raidene Dine Hver Uke!,Усильте Свои Рейды Каждую Неделю!,¡Potencia Tus Incursiones Cada Semana!,Förstärk Dina Raids Varje Vecka!,Her Hafta Baskınlarınızın Gücünü Artırın!,Aumente O Poder Dos Seus Ataques Toda Semana!
MONTHLYDEALVAULTBUNDLE_TITLE,the hidden vault bundle,,MonthlyDealVault,The Hidden Vault Bundle,隱藏金庫捆綁包,隐藏金库捆绑包,隠された金庫バンドル,숨겨진 금고 번들,Den Skjulte Hvælvingspakke,Het Verborgen Kluispakket,Le Coffre-Fort Caché,Das Versteckte Tresor-Bundle,Il Pacchetto Della Cassaforte Nascosta,Den Skjulte Hvelvpakken,"Набор ""Скрытое Хранилище""",El Paquete De La Bóveda Oculta,Det Dolda Valvpaketet,Gizli Kasa Paketi,Pacote Do Cofre Secreto
MONTHLYDEALVAULTBUNDLE_CATCH_DESC,the ultimate monthly grab bag!,,MonthlyDealVault,The ultimate monthly grab bag!,每月終極驚喜禮包！,每月终极惊喜礼包！,究極の月替わり福袋！,최고의 월간 랜덤 선물 꾸러미!,Den Ultimative Månedlige Grabbag!,De Ultieme Maandelijkse Verrassingstas!,Le Sac Surprise Mensuel Par Excellence !,Die Ultimative Monatliche Überraschungstüte!,Il Pacchetto A Sorpresa Mensile Definitivo!,Den Ultimate Månedlige Grabbagen!,Самый Лучший Ежемесячный Подарочный Набор!,¡La Bolsa Sorpresa Mensual Definitiva!,Den Ultimata Månatliga Grabbagen!,Aylık Sürpriz Paketimiz Tam Bir Şölen!,A Melhor Sacola Surpresa Mensal!
MONTHLYDEALAPPRENTICEBUNDLE_TITLE,apprentice's trial bundle,,MonthlyDealApprentice,Apprentice's Trial Bundle,學徒試用包,学徒试用包,見習いの試用セット,견습생 체험 패키지,Prøvepakke For Lærlinge,Proefpakket Voor Leerlingen,Pack D'Essai Pour Apprenti,Probepaket Für Auszubildende,Pacchetto Di Prova Per Apprendisti,Lærlingens Prøvepakke,Пробный Комплект Для Ученика,Paquete De Prueba Del Aprendiz,Lärlings Provpaket,Çırağın Deneme Paketi,Pacote De Teste Do Aprendiz
MONTHLYDEALAPPRENTICEBUNDLE_CATCH_DESC,give your skills a massive monthly boost!,,MonthlyDealApprentice,Give your skills a massive monthly boost!,讓你的技能每月大幅提升！,让你的技能每月大幅提升！,毎月、あなたのスキルを大幅に向上させましょう！,매달 실력을 대폭 향상시키세요!,Giv Dine Færdigheder Et Massivt Månedligt Boost!,Geef Je Vaardigheden Elke Maand Een Enorme Boost!,Donnez Un Coup De Pouce Mensuel Massif À Vos Compétences !,Verleihen Sie Ihren Fähigkeiten Monatlich Einen Massiven Schub!,Dai Una Spinta Mensile Alle Tue Competenze!,Gi Ferdighetene Dine Et Massivt Månedlig Løft!,Ежемесячно Значительно Повышайте Свои Навыки!,¡Dale Un Impulso Enorme A Tus Habilidades Cada Mes!,Ge Dina Färdigheter En Rejäl Månatlig Boost!,Becerilerinize Aylık Olarak Büyük Bir Destek Sağlayın!,Dê Um Grande Impulso Às Suas Habilidades Mensalmente!
MONTHLYDEALPETCARAVANBUNDLE_TITLE,pet care booster bundle,,MonthlyDealPetCaravan,Pet Care Booster Bundle,寵物護理增強套裝,宠物护理增强套装,ペットケアブースターバンドル,반려동물 케어 부스터 세트,Pakke Med Booster Til Kæledyr,Pakket Met Extra'S Voor Huisdierverzorging,Pack De Soins Pour Animaux De Compagnie,Haustierpflege-Booster-Paket,Kit Di Potenziamento Per La Cura Degli Animali Domestici,Pakke Med Booster For Kjæledyrpleie,Набор Для Улучшения Ухода За Домашними Животными,Paquete De Refuerzo Para El Cuidado De Mascotas,Paket Med Booster För Husdjursvård,Evcil Hayvan Bakım Takviye Paketi,Pacote De Reforço Para Cuidados Com Animais De Estimação
MONTHLYDEALPETCARAVANBUNDLE_CATCH_DESC,tons of pets every month!,,MonthlyDealPetCaravan,Tons of pets every month!,每個月都有大量的寵物！,每个月都有大量的宠物！,毎月たくさんのペットがやってきます！,매달 엄청나게 많은 반려동물이 생겨요!,Tonsvis Af Kæledyr Hver Måned!,Elke Maand Komen Er Ontzettend Veel Huisdieren Bij!,Des Tonnes D'Animaux De Compagnie Chaque Mois !,Unzählige Haustiere Jeden Monat!,Tantissimi Animali Domestici Ogni Mese!,Massevis Av Kjæledyr Hver Måned!,Каждый Месяц — Тонна Домашних Животных!,¡Montones De Mascotas Cada Mes!,Massor Av Husdjur Varje Månad!,Her Ay Çok Sayıda Evcil Hayvan!,Uma Infinidade De Animais De Estimação Todos Os Meses!
MONTHLYDEALSOVEREIGNBUNDLE_TITLE,the king's trove bundle,,MonthlyDealSovereign,The King's Trove Bundle,國王的寶庫,国王的宝库,王の宝物束,왕의 보물 꾸러미,Kongens Skattebundt,De Schatkist Van De Koning,Le Trésor Du Roi,Das Königliche Schatzbündel,Il Tesoro Del Re,Kongens Skattekiste,Королевский Сундук,El Tesoro Del Rey,Kungens Skattpaket,Kralın Hazine Paketi,O Pacote Do Tesouro Do Rei
MONTHLYDEALSOVEREIGNBUNDLE_CATCH_DESC,a kingly monthly offering!,,MonthlyDealSovereign,A kingly monthly offering!,每月尊貴的禮物！,每月尊贵的礼物！,王様級の月例献上品！,왕족에게 어울리는 월간 특별 혜택!,Et Kongeligt Månedligt Offer!,Een Vorstelijk Maandelijks Aanbod!,Une Offre Mensuelle Royale !,Ein Königliches Monatliches Opfer!,Un'Offerta Mensile Regale!,Et Kongelig Månedlig Offer!,Великолепное Ежемесячное Предложение!,¡Una Ofrenda Mensual Digna De Un Rey!,Ett Kungligt Månatligt Offer!,Kraliyet Ailesine Yakışır Aylık Bir Hediye!,Uma Oferta Mensal Digna De Um Rei!
WeeklyDealQuartermasterBundle_EXPIRE_TIME_MSG,weekly reset in: {0},,,Weekly Reset In: {0},每週重設時間：{0},每周重设时间：{0},週間リセット：{0},주간 초기화 시간: {0},Ugentlig Nulstilling Om: {0},Wekelijkse Reset Over: {0},Réinitialisation Hebdomadaire Dans : {0},Wöchentlicher Reset In: {0},Ripristino Settimanale Tra: {0},Ukentlig Tilbakestilling Om: {0},Еженедельный Сброс Через: {0},Reinicio Semanal En: {0},Veckovis Återställning Om: {0},Haftalık Sıfırlama Süresi: {0},Reinicialização Semanal Em: {0}
WeeklyDealWildcardBundle_EXPIRE_TIME_MSG,weekly reset in: {0},,,Weekly Reset In: {0},每週重設時間：{0},每周重设时间：{0},週間リセット：{0},주간 초기화 시간: {0},Ugentlig Nulstilling Om: {0},Wekelijkse Reset Over: {0},Réinitialisation Hebdomadaire Dans : {0},Wöchentlicher Reset In: {0},Ripristino Settimanale Tra: {0},Ukentlig Tilbakestilling Om: {0},Еженедельный Сброс Через: {0},Reinicio Semanal En: {0},Veckovis Återställning Om: {0},Haftalık Sıfırlama Süresi: {0},Reinicialização Semanal Em: {0}
WeeklyDealCrafterBountyBundle_EXPIRE_TIME_MSG,weekly reset in: {0},,,Weekly Reset In: {0},每週重設時間：{0},每周重设时间：{0},週間リセット：{0},주간 초기화 시간: {0},Ugentlig Nulstilling Om: {0},Wekelijkse Reset Over: {0},Réinitialisation Hebdomadaire Dans : {0},Wöchentlicher Reset In: {0},Ripristino Settimanale Tra: {0},Ukentlig Tilbakestilling Om: {0},Еженедельный Сброс Через: {0},Reinicio Semanal En: {0},Veckovis Återställning Om: {0},Haftalık Sıfırlama Süresi: {0},Reinicialização Semanal Em: {0}
WeeklyDealSkirmisherBundle_EXPIRE_TIME_MSG,weekly reset in: {0},,,Weekly Reset In: {0},每週重設時間：{0},每周重设时间：{0},週間リセット：{0},주간 초기화 시간: {0},Ugentlig Nulstilling Om: {0},Wekelijkse Reset Over: {0},Réinitialisation Hebdomadaire Dans : {0},Wöchentlicher Reset In: {0},Ripristino Settimanale Tra: {0},Ukentlig Tilbakestilling Om: {0},Еженедельный Сброс Через: {0},Reinicio Semanal En: {0},Veckovis Återställning Om: {0},Haftalık Sıfırlama Süresi: {0},Reinicialização Semanal Em: {0}
MonthlyDealVaultBundle_EXPIRE_TIME_MSG,monthly reset in: {0},,,Monthly Reset In: {0},每月重設時間為：{0},每月重设时间为：{0},月次リセット: {0},월별 재설정 시간: {0},Månedlig Nulstilling Om: {0},Maandelijkse Reset Over: {0},Réinitialisation Mensuelle Dans : {0},Monatlicher Reset In: {0},Ripristino Mensile Tra: {0},Månedlig Tilbakestilling Om: {0},Ежемесячное Сбрасывание В: {0},Reinicio Mensual En: {0},Månatlig Återställning Om: {0},Aylık Sıfırlama Süresi: {0},Reinicialização Mensal Em: {0}
MonthlyDealApprenticeBundle_EXPIRE_TIME_MSG,monthly reset in: {0},,,Monthly Reset In: {0},每月重設時間為：{0},每月重设时间为：{0},月次リセット: {0},월별 재설정 시간: {0},Månedlig Nulstilling Om: {0},Maandelijkse Reset Over: {0},Réinitialisation Mensuelle Dans : {0},Monatlicher Reset In: {0},Ripristino Mensile Tra: {0},Månedlig Tilbakestilling Om: {0},Ежемесячное Сбрасывание В: {0},Reinicio Mensual En: {0},Månatlig Återställning Om: {0},Aylık Sıfırlama Süresi: {0},Reinicialização Mensal Em: {0}
MonthlyDealPetCaravanBundle_EXPIRE_TIME_MSG,monthly reset in: {0},,,Monthly Reset In: {0},每月重設時間為：{0},每月重设时间为：{0},月次リセット: {0},월별 재설정 시간: {0},Månedlig Nulstilling Om: {0},Maandelijkse Reset Over: {0},Réinitialisation Mensuelle Dans : {0},Monatlicher Reset In: {0},Ripristino Mensile Tra: {0},Månedlig Tilbakestilling Om: {0},Ежемесячное Сбрасывание В: {0},Reinicio Mensual En: {0},Månatlig Återställning Om: {0},Aylık Sıfırlama Süresi: {0},Reinicialização Mensal Em: {0}
MonthlyDealSovereignBundle_EXPIRE_TIME_MSG,monthly reset in: {0},,,Monthly Reset In: {0},每月重設時間為：{0},每月重设时间为：{0},月次リセット: {0},월별 재설정 시간: {0},Månedlig Nulstilling Om: {0},Maandelijkse Reset Over: {0},Réinitialisation Mensuelle Dans : {0},Monatlicher Reset In: {0},Ripristino Mensile Tra: {0},Månedlig Tilbakestilling Om: {0},Ежемесячное Сбрасывание В: {0},Reinicio Mensual En: {0},Månatlig Återställning Om: {0},Aylık Sıfırlama Süresi: {0},Reinicialização Mensal Em: {0}
SHOP_TAB_1,bear shop,,,Bear Shop,熊店,熊店,クマのショップ,곰 가게,Bjørnebutik,Berenwinkel,Magasin D'Ours,Bärenladen,Negozio Di Orsi,Bjørnebutikk,Магазин Медведей,Tienda De Osos,Björnbutik,Ayı Dükkanı,Loja De Ursos
SHOP_TAB_2,limited time,,,Limited Time,限時優惠,限时优惠,期間限定,제한된 시간,Begrænset Tid,Beperkte Tijd,Durée Limitée,Begrenzte Zeit,Tempo Limitato,Begrenset Tid,Ограниченное Время,Tiempo Limitado,Begränsad Tid,Sınırlı Süre,Tempo Limitado
SHOP_TAB_3,progress,,,Progress,進步,进步,進捗,진전,Fremskridt,Voortgang,Progrès,Fortschritt,Progressi,Framgang,Прогресс,Progreso,Framsteg,Ilerlemek,Progresso
PLAYER_TITLE_CUSTOM_51,berry hard to beat,51,,Berry Hard to Beat,難以戰勝,难以战胜,ベリーは最高,이기기 정말 힘든 베리,Bær Svær At Slå,Moeilijk Te Verslaan,Difficile De Faire Mieux Que Berry,Beeren Sind Schwer Zu Übertreffen.,Difficile Da Battere,Bær Vanskelig Å Slå,Ягоду Трудно Превзойти,Baya Difícil De Superar,Bär Svårt Att Slå,Çok Zor Geçilebilir,Difícil De Superar
PLAYER_TITLE_CUSTOM_52,berry much the champion,52,,Berry Much the Champion,莓果冠軍,莓果冠军,ベリーはチャンピオン,챔피언이 된 베리,Berry Er Mesteren,"Berry, De Kampioen",Baie Beaucoup Le Champion,Beeren Viel Der Champion,Bacca Molto Il Campione,Berry Er Mesteren,"Берри, Настоящий Чемпион",Baya Mucho El Campeón,Berry Much Är Mästaren,Şampiyonun Meyvesi,Baga Muito O Campeão
PLAYER_TITLE_CUSTOM_53,berry talented,53,,Berry Talented,才華洋溢的貝瑞,才华洋溢的贝瑞,ベリー才能,베리 재능 있는,Bær Talentfuld,Berry Getalenteerd,Très Talentueux,Beerentalentiert,Bacche Di Talento,Bær Talentfull,Ягодный Талантливый,Baya Talentosa,Bär Begåvade,Çilek Yetenekli,Berry Talentoso
PLAYER_TITLE_CUSTOM_54,berry bouncy,54,,Berry Bouncy,漿果彈跳,浆果弹跳,ベリーバウンシー,베리 바운시,Bærhoppende,Bessen Stuiterend,Baies Rebondissantes,Beeren-Schwung,Bacche Rimbalzanti,Bærhopp,Ягодный Упругий,Baya Elástica,Bärhopp,Çilek Zıplayan,Frutas Vermelhas Saltitantes
PLAYER_TITLE_CUSTOM_55,berry good,55,,Berry Good,漿果好,浆果好,ベリーグッド,베리 굿,Bær Godt,Heel Goed,Baies Bonnes,Beeren Gut,Una Bacca Buona,Bær Bra,Ягодный Хороший,Buena Baya,Bär Bra,Çok Iyi,Muito Bom
PLAYER_TITLE_CUSTOM_56,berry important player,56,,Berry Important Player,漿果重要玩家,浆果重要玩家,ベリーの重要な選手,베리는 매우 중요한 선수입니다.,Berry Vigtig Spiller,Belangrijke Speler,Joueur Important De Berry,Berry Ist Ein Wichtiger Spieler,Giocatore Di Bacche Importantissimo,Berry Viktig Spiller,Ягода Важный Игрок,Baya Jugador Importante,Berry Viktig Spelare,Çilek Önemli Oyuncu,"Berry, Jogador Importante"
PLAYER_TITLE_CUSTOM_57,berry remarkable,57,,Berry Remarkable,漿果非凡,浆果非凡,ベリーは素晴らしい,베리 리마스터,Bemærkelsesværdigt Bær,Bes Opmerkelijk,Baie Remarquable,Beeren Bemerkenswert,Bacca Notevole,Bemerkelsesverdig Bær,Ягода Замечательная,Baya Notable,Anmärkningsvärt Bär,Olağanüstü Çilek,Baga Notável
PLAYER_TITLE_CUSTOM_58,berry serious competitor,58,,Berry Serious Competitor,漿果強勁的競爭對手,浆果强劲的竞争对手,ベリーの真剣な競争相手,정말 강력한 경쟁자입니다.,Bær Seriøs Konkurrent,Serieuze Concurrent Van Berry,Baie Concurrent Sérieux,Beere Ist Ein Ernstzunehmender Konkurrent,Un Concorrente Davvero Serio,Bær Seriøs Konkurrent,Ягодный Серьезный Конкурент,Un Competidor Serio,Bär Allvarlig Konkurrent,Çilek Ciddi Bir Rakip,Concorrente Sério
PLAYER_TITLE_CUSTOM_59,berry much a winner,59,,Berry Much a Winner,莓果真是個贏家,莓果真是个赢家,ベリーは大当たり,베리는 정말 승자입니다,Bær Er En Stor Vinder,Berry Is Een Absolute Winnaar.,Berry A Beaucoup Gagné,Beeren Sind Ein Absoluter Gewinner,Una Bacca Molto Vincente,Bær En Stor Vinner,Берри — Настоящий Победитель!,Baya Mucho Ganador,Bär Är En Stor Vinnare,Çilek Tam Bir Kazanan,Berry É Um Vencedor
PLAYER_TITLE_CUSTOM_60,berry well played,60,,Berry Well Played,玩得真棒,玩得真棒,ベリー、よくやった,"베리, 정말 잘했어요!",Bær Godt Spillet,Heel Goed Gespeeld!,Berry A Bien Joué,Berry Gut Gespielt,Berry Ben Giocato,Bær Godt Spilt,Берри Отлично Сыграла,Berry Bien Jugado,Bär Väl Spelat,Çok Iyi Oynadın,Berry Muito Bem Jogado
MINIGAME_CURRENCY_BallDrop,berries,,,Berries,莓果,莓果,ベリー,베리류,Bær,Bessen,Baies,Beeren,Frutti Di Bosco,Bær,Ягоды,Bayas,Bär,Meyveler,Bagas
MINIGAME_CURRENCY_SINGLE_BallDrop,berry,,,Berry,莓果,莓果,ベリー,말린 씨앗,Bær,Bes,Baie,Beere,Bacca,Bær,Ягода,Baya,Bär,Çilek,Baga
MINIGAME_TITLE_BallDrop,berry lucky,,,Berry Lucky,幸運莓果,幸运莓果,ベリーラッキー,베리 럭키,Bær Heldig,Bessen Geluk,Baie Chanceuse,Beerenglück,Bacche Fortunate,Bær Heldig,Ягодный Счастливый,Baya Afortunada,Bär Tur,Çilek Şanslı,Sortudo
MINIGAME_PREVIEW_TITLE_BallDrop,berry lucky,,,Berry Lucky,幸運莓果,幸运莓果,ベリーラッキー,베리 럭키,Bær Heldig,Bessen Geluk,Baie Chanceuse,Beerenglück,Bacche Fortunate,Bær Heldig,Ягодный Счастливый,Baya Afortunada,Bär Tur,Çilek Şanslı,Sortudo
MINIGAME_PREVIEW_MESSAGE_BallDrop,"mmm, something yummy is baking in the oven. check back in a bit when it's ready!",,,"Mmm, something yummy is baking in the oven. Check back in a bit when it's ready!",嗯，烤箱裡正在烤著美味的食物呢。等它烤好了，再來看看吧！,嗯，烤箱里正在烤着美味的食物呢。等它烤好了，再来看看吧！,うーん、オーブンで何か美味しそうなものが焼けてる。焼き上がったらまた見てね！,"음, 오븐에서 맛있는 게 구워지고 있네. 다 되면 다시 와 봐!","Mmm, Der Bages Noget Lækkert I Ovnen. Kig Ind Igen, Når Det Er Færdigt!","Mmm, Er Staat Iets Lekkers Te Bakken In De Oven. Kom Zo Even Terug Als Het Klaar Is!","Mmm, Quelque Chose De Délicieux Est En Train De Cuire Au Four. Revenez Dans Quelques Instants Quand Ce Sera Prêt !","Mmm, Im Ofen Backt Gerade Etwas Leckeres. Schau Später Nochmal Vorbei, Wenn Es Fertig Ist!","Mmm, Qualcosa Di Delizioso Sta Cuocendo In Forno. Tornate A Trovarci Tra Un Po' Quando Sarà Pronto!","Mmm, Noe Godt Stekes I Ovnen. Sjekk Tilbake Litt Når Det Er Klart!","Ммм, В Духовке Запекается Что-То Вкусненькое. Загляните Сюда Чуть Позже, Когда Будет Готово!","Mmm, Algo Delicioso Se Está Horneando En El Horno. ¡Vuelve A Visitarnos En Un Rato Cuando Esté Listo!","Mmm, Något Gott Bakas I Ugnen. Hör Av Mig Lite När Det Är Klart!","Mmm, Fırında Nefis Bir Şeyler Pişiyor. Hazır Olunca Birazdan Tekrar Kontrol Edin!","Hum, Tem Algo Delicioso Assando No Forno. Volte Daqui A Pouco Quando Estiver Pronto!"
MINIGAME_TAB_0_BallDrop,drop!,,,Drop!,降低！,降低！,落とす！,떨어지다!,Dråbe!,Druppel!,Baisse!,Fallen!,Gocciolare!,Slippe!,Уронить!,¡Gota!,Släppa!,Düşürmek!,Derrubar!
MINIGAME_TAB_1_BallDrop,upgrades,,,Upgrades,升級,升级,アップグレード,업그레이드,Opgraderinger,Upgrades,Mises À Niveau,Upgrades,Aggiornamenti,Oppgraderinger,Обновления,Mejoras,Uppgraderingar,Yükseltmeler,Atualizações
MINIGAME_TAB_2_BallDrop,bundles,,,Bundles,捆綁,捆绑,バンドル,묶음,Bundter,Bundels,Paquets,Pakete,Fasci,Bunter,Комплекты,Paquetes,Buntar,Paketler,Pacotes
MINIGAME_TAB_3_BallDrop,leaderboard,,,Leaderboard,排行榜,排行榜,リーダー,순위표,Rangliste,Ranglijst,Classement,Rangliste,Classifica,Ledertavle,Таблица Лидеров,Tabla De Clasificación,Topplista,Liderlik Tablosu,Tabela De Classificação
PRESTIGE_REWARD_INFO_DESC_BallDrop,earn {0} during the {1} event by prestiging!,,,Earn {0} during the {1} event by prestiging!,在 {1} 活動期間透過聲望獲得 {0}！,在 {1} 活动期间透过声望获得 {0}！,{1}イベント中にプレステージして{0}を獲得しよう！,{1} 이벤트 기간 동안 프레스티지를 통해 {0}을 획득하세요!,Tjen {0} Under {1}-Begivenheden Ved At Vinde Prestige!,Verdien {0} Tijdens Het {1} Evenement Door Te Prestigen!,Gagnez {0} Pendant L'Événement {1} En Passant Au Prestige !,Verdiene {0} Während Des {1}-Events Durch Prestige!,Guadagna {0} Durante L'Evento {1} Effettuando Il Prestigio!,Tjen {0} Under {1}-Arrangementet Ved Å Vinne Prestisje!,"Заработайте {0} Во Время События {1}, Повысив Престиж!",¡Gana {0} Durante El Evento {1} Al Alcanzar El Prestigio!,Tjäna {0} Under {1}-Evenemanget Genom Att Vinna Prestige!,{1} Etkinliği Sırasında Prestij Kazanarak {0} Kazanın!,Ganhe {0} Durante O Evento {1} Ao Subir De Nível!
MINIGAME_BallDrop_PRESTIGE_REWARD_CURRENCY_EXTRA,at stage {0},,,At Stage {0},在階段 {0},在阶段 {0},ステージ{0},{0} 단계에서,På Trin {0},In Fase {0},À L'Étape {0},Auf Stufe {0},Nella Fase {0},På Trinn {0},На Этапе {0},En La Etapa {0},I Steg {0},{0} Aşamasında,No Estágio {0}
MINIGAME_BallDrop_UPGRADE_HEADER,upgrades,,,Upgrades,升級,升级,アップグレード,업그레이드,Opgraderinger,Upgrades,Mises À Niveau,Upgrades,Aggiornamenti,Oppgraderinger,Обновления,Mejoras,Uppgraderingar,Yükseltmeler,Atualizações
MINIGAME_BallDrop_UPGRADE_NAME_CurrencyPerPrestige,berries per prestige,,,Berries Per Prestige,每聲望漿果,每声望浆果,名声ごとのベリー,명성당 베리,Bær Pr. Prestige,Bessen Per Prestige,Baies Par Prestige,Beeren Pro Prestige,Bacche Per Prestigio,Bær Per Prestisje,Ягоды За Престиж,Bayas Por Prestigio,Bär Per Prestige,Prestij Başına Meyveler,Bagas Por Prestígio
MINIGAME_BallDrop_UPGRADE_DESC_CurrencyPerPrestige,increases the amount of berries earned each prestige.,,,Increases the amount of Berries earned each prestige.,增加每次聲望提升後獲得的漿果數量。,增加每次声望提升后获得的浆果数量。,各プレステージで獲得できるベリーの量が増加します。,명성 레벨당 획득하는 열매의 양을 증가시킵니다.,Øger Mængden Af ​​Bær Optjent Per Prestige.,Verhoogt De Hoeveelheid Bessen Die Je Per Prestige Verdient.,Augmente La Quantité De Baies Gagnées À Chaque Prestige.,"Erhöht Die Anzahl Der Beeren, Die Man Mit Jedem Prestige-Level Erhält.",Aumenta La Quantità Di Bacche Guadagnate Per Ogni Prestigio.,Øker Mengden Bær Som Tjenes Per Prestisje.,"Увеличивает Количество Ягод, Получаемых За Каждый Уровень Престижа.",Aumenta La Cantidad De Bayas Obtenidas Con Cada Nivel De Prestigio.,Ökar Mängden Bär Som Tjänas In Per Prestige.,Her Prestij Seviyesinde Kazanılan Meyve Miktarını Artırır.,Aumenta A Quantidade De Bagas Ganhas A Cada Nível De Prestígio.
MINIGAME_BallDrop_UPGRADE_NAME_CurrencyPerDay,berries per day,,,Berries Per Day,每天漿果,每天浆果,1日あたりのベリー,하루에 베리류,Bær Om Dagen,Bessen Per Dag,Baies Par Jour,Beeren Pro Tag,Frutti Di Bosco Al Giorno,Bær Per Dag,Ягод В День,Bayas Por Día,Bär Per Dag,Günde Çilek,Bagas Por Dia
MINIGAME_BallDrop_UPGRADE_DESC_CurrencyPerDay,increases the maximum amount of berries earned from prestiges each day.,,,Increases the maximum amount of Berries earned from prestiges each day.,增加每天透過聲望獲得的漿果最大數量。,增加每天透过声望获得的浆果最大数量。,毎日、名声を得ることで獲得できるベリーの最大量を増加させます。,매일 명예 업적을 통해 획득하는 열매의 최대량을 증가시킵니다.,"Øger Det Maksimale Antal Bær, Der Kan Optjenes Fra Prestige Hver Dag.",Verhoogt De Maximale Hoeveelheid Bessen Die Je Dagelijks Kunt Verdienen Met Prestige.,Augmente La Quantité Maximale De Baies Gagnées Chaque Jour Grâce Aux Prestiges.,"Erhöht Die Maximale Anzahl An Beeren, Die Man Täglich Durch Prestige-Aufstiege Verdienen Kann.",Aumenta La Quantità Massima Di Bacche Ottenibili Dai Prestigio Ogni Giorno.,Øker Den Maksimale Mengden Bær Opptjent Fra Prestisjer Hver Dag.,"Увеличивает Максимальное Количество Ягод, Получаемых За Достижения Каждый День.",Aumenta La Cantidad Máxima De Bayas Que Se Pueden Obtener Al Alcanzar Ciertos Niveles De Prestigio Cada Día.,Ökar Den Maximala Mängden Bär Som Tjänas Från Prestige Varje Dag.,Her Gün Prestij Puanlarından Kazanılan Maksimum Meyve Miktarını Artırır.,Aumenta A Quantidade Máxima De Bagas Ganhas Com Prestígios A Cada Dia.
MINIGAME_BallDrop_UPGRADE_NAME_ContainerSpeed,sweet dispenser,,,Sweet Dispenser,糖果分配器,糖果分配器,お菓子ディスペンサー,사탕 디스펜서,Slikautomat,Snoepautomaat,Distributeur De Bonbons,Süßigkeitenspender,Distributore Di Dolciumi,Godteriautomat,Автомат Для Сладостей,Dispensador De Dulces,Godisautomat,Tatlı Dağıtıcı,Dispensador De Doces
MINIGAME_BallDrop_UPGRADE_DESC_ContainerSpeed,increases the speed at which berries are generated,,,Increases the speed at which Berries are generated,加快漿果的生成速度,加快浆果的生成速度,ベリーの生成速度が速くなる,열매가 생성되는 속도를 높입니다,"Øger Hastigheden, Hvormed Bærrene Dannes",Verhoogt De Snelheid Waarmee Bessen Worden Gegenereerd,Augmente La Vitesse À Laquelle Les Baies Sont Générées,"Erhöht Die Geschwindigkeit, Mit Der Beeren Erzeugt Werden",Aumenta La Velocità Con Cui Vengono Generate Le Bacche,Øker Hastigheten Som Bærene Genereres Med,Увеличивает Скорость Образования Ягод,Aumenta La Velocidad A La Que Se Generan Las Bayas,Ökar Hastigheten Med Vilken Bären Genereras,Meyvelerin Üretilme Hızını Artırır,Aumenta A Velocidade Com Que As Bagas São Geradas
MINIGAME_BallDrop_UPGRADE_NAME_ContainerSize,bigger berry basket,,,Bigger Berry Basket,更大的漿果籃,更大的浆果篮,大きめのベリーかご,더 큰 베리 바구니,Større Bærkurv,Grotere Bessenmand,Plus Grand Panier À Baies,Größerer Beerenkorb,Cesto Di Bacche Più Grande,Større Bærkurv,Большая Корзина Для Ягод,Cesta De Bayas Más Grande,Större Bärkorg,Daha Büyük Meyve Sepeti,Cesta De Frutas Vermelhas Maior
MINIGAME_BallDrop_UPGRADE_DESC_ContainerSize,increases the maximum number of berries that can be stored in the basket at once,,,Increases the maximum number of Berries that can be stored in the basket at once,增加籃子一次可儲存的漿果最大數量。,增加篮子一次可储存的浆果最大数量。,バスケットに一度に収納できるベリーの最大数を増やします,바구니에 한 번에 담을 수 있는 베리류의 최대 개수를 늘립니다.,"Øger Det Maksimale Antal Bær, Der Kan Opbevares I Kurven På Én Gang",Vergroot Het Maximale Aantal Bessen Dat Tegelijkertijd In De Mand Kan Worden Bewaard.,Augmente Le Nombre Maximal De Baies Pouvant Être Stockées Simultanément Dans Le Panier.,"Erhöht Die Maximale Anzahl An Beeren, Die Gleichzeitig Im Korb Aufbewahrt Werden Können.",Aumenta Il Numero Massimo Di Bacche Che Possono Essere Conservate Nel Cestino Contemporaneamente,Øker Det Maksimale Antallet Bær Som Kan Lagres I Kurven Samtidig,"Увеличивает Максимальное Количество Ягод, Которое Можно Хранить В Корзине Одновременно.",Aumenta La Cantidad Máxima De Bayas Que Se Pueden Almacenar En La Cesta A La Vez,Ökar Det Maximala Antalet Bär Som Kan Förvaras I Korgen Samtidigt,Sepete Aynı Anda Konulabilecek Maksimum Çilek Sayısını Artırır.,Aumenta A Quantidade Máxima De Frutas Vermelhas Que Podem Ser Armazenadas Na Cesta De Uma Só Vez
MINIGAME_BallDrop_UPGRADE_NAME_PegBonus,sugar pegs,,,Sugar Pegs,醣釘,糖钉,砂糖のペグ,설탕 못,Sukkerpinde,Suikerstokjes,Pinces À Sucre,Zuckerpflöcke,Pioli Di Zucchero,Sukkerpinner,Сахарные Прищепки,Clavijas De Azúcar,Sockerpinnar,Şeker Mandalları,Pinos De Açúcar
MINIGAME_BallDrop_UPGRADE_DESC_PegBonus,give a random peg +1 on hit,,,Give a random peg +1 on hit,擊中時隨機給一個釘子+1,击中时随机给一个钉子+1,ランダムなペグに命中時に+1を与える,명중 시 무작위로 핀에 +1을 부여합니다.,Giv En Tilfældig Pin +1 Ved Hit,Geef Een Willekeurige Pin +1 Bij Een Treffer.,Donner Un Bonus De +1 À Un Jeton Aléatoire Lors D'Un Coup.,Gib Einem Zufälligen Spielstein +1 Bei Einem Treffer,Assegna Un Piolo Casuale +1 Al Colpo,Gi En Tilfeldig Pekepinne +1 Ved Treff,Случайным Образом Добавляет +1 К Фишке При Попадании,Otorgar Una Clavija Aleatoria +1 Al Golpear,Ge En Slumpmässig Pek +1 Vid Träff,Rastgele Bir Çiviye Isabet Ettiğinde +1 Ver.,Dê +1 Aleatório A Um Pino Ao Acertar.
MINIGAME_BallDrop_UPGRADE_NAME_BucketBonus,deep buckets,,,Deep Buckets,深桶,深桶,深いバケツ,깊은 양동이,Dybe Spande,Diepe Emmers,Seaux Profonds,Tiefe Eimer,Secchi Profondi,Dype Bøtter,Глубокие Ведра,Cubos Hondos,Djupa Hinkar,Derin Kovalar,Baldes Fundos
MINIGAME_BallDrop_UPGRADE_DESC_BucketBonus,increase one random bucket's multiplier by 1,,,Increase one random bucket's multiplier by 1,將一個隨機桶的倍率增加 1,将一个随机桶的倍率增加 1,ランダムなバケットの乗数を1増やす,임의의 버킷 하나의 승수를 1만큼 증가시킵니다.,Øg Multiplikatoren For En Tilfældig Spand Med 1,Verhoog De Vermenigvuldiger Van Één Willekeurige Bucket Met 1.,Augmenter Le Multiplicateur D'Un Seau Aléatoire De 1,Erhöhe Den Multiplikator Eines Zufällig Ausgewählten Buckets Um 1,Incrementa Di 1 Il Moltiplicatore Di Un Bucket Scelto A Caso.,Øk Multiplikatoren For Én Tilfeldig Bøtte Med 1,Увеличить Множитель Одного Случайного Контейнера На 1,Aumentar El Multiplicador De Un Cubo Aleatorio En 1,Öka Multiplikatorn För En Slumpmässig Hink Med 1,Rastgele Seçilen Bir Kovanın Çarpanını 1 Artırın.,Aumentar O Multiplicador De Um Balde Aleatório Em 1.
MINIGAME_BallDrop_COLLECTION_BUTTON,rewards,,,Rewards,獎勵,奖励,報酬,보상,Belønninger,Beloningen,Récompenses,Belohnungen,Ricompense,Belønninger,Награды,Recompensas,Belöningar,Ödüller,Recompensas
MINIGAME_BallDrop_COLLECT,collect rewards,,,Collect Rewards,領取獎勵,领取奖励,報酬を受け取る,보상을 받으세요,Optjen Belønninger,Verzamel Beloningen,Collecter Des Récompenses,Prämien Sammeln,Raccogliere Ricompense,Samle Belønninger,Получать Награды,Recibe Recompensas,Samla Belöningar,Ödülleri Topla,Coletar Recompensas
MINIGAME_BallDrop_REWARDS_PANEL_TITLE,rewards,,,Rewards,獎勵,奖励,報酬,보상,Belønninger,Beloningen,Récompenses,Belohnungen,Ricompense,Belønninger,Награды,Recompensas,Belöningar,Ödüller,Recompensas
MINIGAME_BallDrop_REWARD_HEADER,{0} collected,,,{0} Collected,{0} 收集,{0} 收集,{0}が収集されました,{0} 수집됨,{0} Indsamlet,{0} Verzameld,{0} Collecté,{0} Gesammelt,{0} Raccolto,{0} Samlet,{0} Собрано,{0} Recopilado,{0} Samlade,{0} Toplandı,{0} Coletado
MINIGAME_BallDrop_TOTAL_POINTS,{0} happy coins,,,{0} Happy Coins,{0} 快樂金幣,{0} 快乐金币,{0} ハッピーコイン,{0} 해피 코인,{0} Glade Mønter,{0} Gelukkige Munten,{0} Pièces Joyeuses,{0} Glücksmünzen,{0} Monete Felici,{0} Glade Mynter,{0} Счастливых Монет,{0} Monedas Felices,{0} Glada Mynt,{0} Mutlu Para,{0} Moedas Felizes
MINIGAME_BallDrop_NEW_RECORD,new record!,,,New Record!,新紀錄！,新纪录！,新記録！,신기록!,Ny Rekord!,Nieuw Record!,Nouveau Record !,Neuer Rekord!,Nuovo Record!,Ny Rekord!,Новый Рекорд!,¡Nuevo Récord!,Nytt Rekord!,Yeni Rekor!,Novo Recorde!
MINIGAME_BallDrop_UPGRADE_CURRENCY,happy coins,,,Happy Coins,快樂金幣,快乐金币,ハッピーコイン,해피 코인,Glade Mønter,Gelukkige Munten,Pièces Heureuses,Happy Coins,Monete Felici,Glade Mynter,Счастливые Монеты,Monedas Felices,Glada Mynt,Mutlu Paralar,Moedas Felizes
MINIGAME_BallDrop_START_BUTTON_TOP,Hold to,,,Hold to,堅持,坚持,保持する,잡으세요,Hold Til,Vasthouden Aan,Tenez-Vous À,Halten Sie Fest,Tenere Fermo,Hold Til,Держитесь,Atenerse A,Håll Till,Tutmak,Mantenha-Se Firme
MINIGAME_BallDrop_START_BUTTON_BOT,drop!,,,Drop!,降低！,降低！,落とす！,떨어지다!,Dråbe!,Druppel!,Baisse!,Fallen!,Gocciolare!,Slippe!,Уронить!,¡Gota!,Släppa!,Düşürmek!,Derrubar!
MINIGAME_BallDrop_INFO_TITLE,info,,,Info,資訊,信息,情報,정보,Information,Informatie,Info,Info,Informazioni,Informasjon,Информация,Información,Info,Bilgi,Informações
MINIGAME_BallDrop_INFO_1_TITLE,collect berries,,,Collect Berries,採集漿果,采集浆果,ベリーを集める,열매를 모으세요,Samle Bær,Bessen Plukken,Cueillir Des Baies,Sammle Beeren,Raccogliere Bacche,Samle Bær,Собирать Ягоды,Recolectar Bayas,Samla Bär,Meyve Toplamak,Coletar Frutos Silvestres
MINIGAME_BallDrop_INFO_1_DESCR,prestige to earn berries! drop them to earn happy coins! you will also accumulate berries over time.,,,Prestige to earn Berries! Drop them to earn happy coins! You will also accumulate Berries over time.,提升聲望即可獲得莓果！丟棄漿果可獲得快樂金幣！隨著時間的推移，你還會累積漿果。,提升声望即可获得莓果！丢弃浆果可获得快乐金币！随着时间的推移，你还会累积浆果。,名声を上げてベリーを獲得しよう！ベリーを落としてハッピーコインを獲得しよう！時間とともにベリーも蓄積されます。,명성을 쌓아 열매를 획득하세요! 열매를 떨어뜨리면 행복 코인을 얻을 수 있습니다! 시간이 지남에 따라 열매도 모을 수 있습니다.,Prestige For At Tjene Bær! Slip Dem For At Tjene Glade Mønter! Du Vil Også Akkumulere Bær Over Tid.,Verdien Prestige Door Bessen Te Laten Vallen! Verdien Geluksmunten Door Ze Te Laten Vallen! Je Verzamelt Na Verloop Van Tijd Ook Bessen.,Gagnez Du Prestige Pour Obtenir Des Baies ! Laissez-Les Tomber Pour Gagner Des Pièces Joyeuses ! Vous Accumulerez Également Des Baies Au Fil Du Temps.,"Sammle Prestige, Um Beeren Zu Verdienen! Lass Sie Fallen, Um Glücksmünzen Zu Erhalten! Du Sammelst Außerdem Mit Der Zeit Beeren An.",Ottieni Prestigio Per Guadagnare Bacche! Lasciale Cadere Per Guadagnare Monete Felici! Accumulerai Bacche Anche Nel Tempo.,Prestisje For Å Tjene Bær! Slipp Dem For Å Tjene Glade Mynter! Du Vil Også Samle Bær Over Tid.,"Зарабатывайте Престиж, Чтобы Получать Ягоды! Сбрасывайте Их, Чтобы Зарабатывать Счастливые Монеты! Со Временем Вы Также Будете Накапливать Ягоды.",¡Prestigio Para Ganar Bayas! ¡Suéltalas Para Ganar Monedas Felices! También Acumularás Bayas Con El Tiempo.,Prestige För Att Tjäna Bär! Släpp Dem För Att Tjäna Glada Mynt! Du Kommer Också Att Samla Bär Över Tid.,Prestij Kazanarak Meyve Elde Edin! Onları Yere Bırakarak Mutluluk Parası Kazanın! Zamanla Meyve Biriktireceksiniz.,Use Seu Prestígio Para Ganhar Frutinhas! Solte-As Para Ganhar Moedas Da Felicidade! Você Também Acumulará Frutinhas Com O Tempo.
MINIGAME_BallDrop_INFO_2_TITLE,drop berries,,,Drop Berries,落果,落果,ドロップベリー,드롭베리,Dråbebær,Bessen Laten Vallen,Baies De Rognon,Beeren Fallen Lassen,Far Cadere Le Bacche,Slipp Bær,Сбрасывать Ягоды,Dejar Caer Bayas,Droppbär,Meyveleri Düşürün,Bagas De Queda
MINIGAME_BallDrop_INFO_2_DESCR,drop berries to hit pegs and land in buckets to increase your score.,,,Drop berries to hit pegs and land in buckets to increase your score.,將漿果丟向木樁，使其落入桶中，即可增加分數。,将浆果丢向木桩，使其落入桶中，即可增加分数。,ベリーを落として杭に当て、バケツに入れるとスコアが上がります。,열매를 떨어뜨려 못을 맞추고 양동이에 넣으면 점수가 올라갑니다.,Slip Bær For At Ramme Pinde Og Land I Spande For At Øge Din Score.,Laat Bessen Vallen Om De Pinnen Te Raken En In De Emmers Te Laten Landen Om Je Score Te Verhogen.,Laissez Tomber Des Baies Pour Toucher Les Piquets Et Les Faire Atterrir Dans Les Seaux Afin D'Augmenter Votre Score.,"Lass Die Beeren Fallen, Um Stifte Zu Treffen Und In Eimern Zu Landen, Um Deine Punktzahl Zu Erhöhen.",Fai Cadere Le Bacche Per Colpire I Pioli E Farle Atterrare Nei Secchi Per Aumentare Il Tuo Punteggio.,Slipp Bær For Å Treffe Pinner Og Land I Bøtter For Å Øke Poengsummen Din.,"Бросайте Ягоды, Чтобы Попасть В Колышки, И Ставьте Их В Ведра, Чтобы Увеличить Свой Счет.",Suelta Las Bayas Para Golpear Las Clavijas Y Aterrizar En Los Cubos Para Aumentar Tu Puntuación.,Släpp Bär För Att Träffa Pinnar Och Landa I Hinkar För Att Öka Din Poäng.,Puanınızı Artırmak Için Meyveleri Düşürerek Çivileri Vurun Ve Kovalara Düşürün.,Solte As Frutinhas Para Acertar Os Pinos E Cair Nos Baldes Para Aumentar Sua Pontuação.
MINIGAME_BallDrop_INFO_3_TITLE,upgrades,,,Upgrades,升級,升级,アップグレード,업그레이드,Opgraderinger,Upgrades,Mises À Niveau,Upgrades,Aggiornamenti,Oppgraderinger,Обновления,Mejoras,Uppgraderingar,Yükseltmeler,Atualizações
MINIGAME_BallDrop_INFO_3_DESCR,earn happy coins from drops to upgrade your board. better upgrades mean more berries and higher value pegs and buckets!,,,Earn happy coins from drops to upgrade your board. Better upgrades mean more berries and higher value pegs and buckets!,收集掉落物賺取快樂金幣，用來升級你的棋盤。更好的升級意味著可以獲得更多漿果和更高價值的木釘和水桶！,收集掉落物赚取快乐金币，用来升级你的棋盘。更好的升级意味着可以获得更多浆果和更高价值的木钉和水桶！,ドロップでハッピーコインを集めてボードをアップグレードしよう。アップグレードが良ければ良いほど、ベリーが増え、ペグやバケツの価値も上がります！,드롭 아이템에서 해피 코인을 모아 보드를 업그레이드하세요. 더 좋은 업그레이드는 더 많은 열매와 더 높은 가치의 핀과 버킷을 의미합니다!,Tjen Glade Mønter Fra Drops For At Opgradere Dit Bræt. Bedre Opgraderinger Betyder Flere Bær Og Pinde Og Spande Af Højere Værdi!,Verdien Geluksmunten Met Drops Om Je Speelbord Te Upgraden. Betere Upgrades Betekenen Meer Bessen En Waardevollere Pionnen En Emmers!,Gagnez Des Pièces De Bonheur Grâce Aux Butins Pour Améliorer Votre Plateau. De Meilleures Améliorations Signifient Plus De Baies Et Des Jetons Et Seaux De Plus Grande Valeur !,"Verdiene Glücksmünzen Aus Beutezügen, Um Dein Spielbrett Zu Verbessern. Bessere Verbesserungen Bedeuten Mehr Beeren Und Wertvollere Spielsteine ​​Und Eimer!",Guadagna Monete Felici Dai Drop Per Potenziare La Tua Tavola. Potenziamenti Migliori Significano Più Bacche E Pioli E Secchi Di Maggior Valore!,Tjen Glade Mynter Fra Dropps For Å Oppgradere Brettet Ditt. Bedre Oppgraderinger Betyr Flere Bær Og Pinner Og Bøtter Med Høyere Verdi!,"Зарабатывайте Монеты Счастья, Выпадающие Из Предметов, Чтобы Улучшать Свою Доску. Чем Лучше Улучшение, Тем Больше Ягод, А Также Более Ценные Колышки И Ведерки!",¡Gana Monedas Felices Con Los Botines Para Mejorar Tu Tablero! ¡Mejores Mejoras Significan Más Bayas Y Clavijas Y Cubos De Mayor Valor!,Tjäna Glada Mynt Från Droppar För Att Uppgradera Ditt Bräde. Bättre Uppgraderingar Betyder Fler Bär Och Pinnar Och Hinkar Med Högre Värde!,Oyun Tahtanızı Yükseltmek Için Düşen Eşyalardan Mutluluk Paraları Kazanın. Daha Iyi Yükseltmeler Daha Fazla Çilek Ve Daha Yüksek Değerli Kazık Ve Kova Anlamına Gelir!,Ganhe Moedas Da Felicidade Com Os Drops Para Melhorar Seu Tabuleiro. Melhorias Melhores Significam Mais Frutinhas E Pinos E Baldes De Maior Valor!
MINIGAME_BallDrop_INFO_4_TITLE,earn rewards,,,Earn Rewards,獲得獎勵,获得奖励,報酬を獲得する,보상을 받으세요,Optjen Belønninger,Verdien Beloningen,Gagner Des Récompenses,Prämien Verdienen,Guadagnare Premi,Tjene Belønninger,Получать Вознаграждения,Obtén Recompensas,Tjäna Belöningar,Ödüller Kazanın,Ganhe Recompensas
MINIGAME_BallDrop_INFO_4_DESCR,"complete milestones and climb the leaderboard based on your total score. the better your drops, the better your rewards!",,,"Complete milestones and climb the leaderboard based on your total score. The better your drops, the better your rewards!",完成里程碑，依總分提升排行榜排名。掉落物越好，獎勵越豐厚！,完成里程碑，依总分提升排行榜排名。掉落物越好，奖励越丰厚！,マイルストーンを達成し、合計スコアに基づいてリーダーボードを駆け上がろう。ドロップが良ければ良いほど、報酬も良くなります！,목표를 달성하고 총점에 따라 순위표에서 상위권에 오르세요. 드롭 아이템의 품질이 좋을수록 보상도 더 좋아집니다!,"Fuldfør Milepæle Og Klatr Op På Ranglisten Baseret På Din Samlede Score. Jo Bedre Dine Drops, Desto Bedre Dine Belønninger!","Voltooi Mijlpalen En Klim Omhoog In Het Klassement Op Basis Van Je Totale Score. Hoe Beter Je Drops, Hoe Beter Je Beloningen!","Atteignez Des Objectifs Intermédiaires Et Grimpez Au Classement En Fonction De Votre Score Total. Plus Vos Butins Sont Réussis, Meilleures Seront Vos Récompenses !","Schließe Meilensteine ​​Ab Und Erklimme Die Rangliste Anhand Deiner Gesamtpunktzahl. Je Besser Deine Drops, Desto Besser Deine Belohnungen!","Completa I Traguardi E Scala La Classifica In Base Al Tuo Punteggio Totale. Migliori Saranno I Tuoi Drop, Migliori Saranno Le Ricompense!","Fullfør Milepæler Og Klatre På Ledertavlen Basert På Totalpoengsummen Din. Jo Bedre Dropp Du Får, Desto Bedre Belønninger Får Du!","Выполняйте Задания И Поднимайтесь В Таблице Лидеров По Общему Количеству Очков. Чем Лучше Ваши Награды, Тем Лучше Ваши Призы!","Completa Los Objetivos Y Asciende En La Clasificación Según Tu Puntuación Total. ¡Cuanto Mejores Sean Tus Lanzamientos, Mejores Serán Tus Recompensas!","Klara Milstolpar Och Klättra På Topplistan Baserat På Din Totala Poäng. Ju Bättre Dina Droppar Är, Desto Bättre Blir Dina Belöningar!","Kilometre Taşlarını Tamamlayın Ve Toplam Puanınıza Göre Liderlik Tablosunda Yükselin. Düşürme Oranınız Ne Kadar Yüksek Olursa, Ödülleriniz De O Kadar Iyi Olur!","Complete Marcos E Suba Na Tabela De Classificação Com Base Na Sua Pontuação Total. Quanto Melhores Forem Seus Drops, Melhores Serão Suas Recompensas!"
MINIGAME_BallDrop_CONTAINER,basket,,,Basket,籃子,篮子,バスケット,바구니,Kurv,Mand,Panier,Korb,Cestino,Kurv,Корзина,Cesta,Korg,Sepet,Cesta
MINIGAME_BallDrop_COMPLETE_TITLE,you've been berry lucky!,,,You've been Berry Lucky!,你真是太幸運了！,你真是太幸运了！,あなたは本当に運が良かった！,당신은 정말 운이 좋았군요!,"Du Har Været Heldig, Berry!",Je Hebt Ontzettend Veel Geluk Gehad!,Tu As Eu Une Chance Incroyable !,Du Hattest Aber Ein Riesenglück!,Sei Stato Davvero Fortunato!,"Du Har Vært Heldig, Berry!",Тебе Очень Повезло!,¡Has Tenido Muchísima Suerte!,"Du Har Haft Tur, Berry!",Çok Şanslıymışsın!,Você Teve Muita Sorte!
MINIGAME_BallDrop_COMPLETE_DESCRIPTION,"the event has ended, and you dominated the board with precision drops! now it's time to claim your rewards from your final standing!",,,"The event has ended, and you dominated the board with precision drops! Now it's time to claim your rewards from your final standing!",活動結束，你以精準的投擲技藝稱霸榜首！現在是時候領取你的最終排名獎勵了！,活动结束，你以精准的投掷技艺称霸榜首！现在是时候领取你的最终排名奖励了！,イベントは終了し、あなたは正確なドロップでランキングを圧倒しました！さあ、最終順位に応じた報酬を受け取りましょう！,이벤트가 종료되었습니다! 정교한 드롭으로 압도적인 승리를 거두셨네요! 이제 최종 순위에 따른 보상을 받으실 시간입니다!,"Begivenheden Er Slut, Og Du Dominerede Brættet Med Præcisionsdrop! Nu Er Det Tid Til At Gøre Krav På Dine Belønninger Fra Din Endelige Placering!",Het Evenement Is Afgelopen En Je Hebt Het Speelveld Gedomineerd Met Je Precieze Drops! Nu Is Het Tijd Om Je Beloningen Op Te Eisen Voor Je Eindklassering!,L'Événement Est Terminé Et Vous Avez Dominé Le Plateau Grâce À Vos Drops Précis ! Il Est Temps De Réclamer Vos Récompenses Pour Votre Classement Final !,"Das Event Ist Beendet, Und Du Hast Das Spielbrett Mit Präzisen Drops Dominiert! Jetzt Ist Es An Der Zeit, Deine Belohnungen Für Deine Endplatzierung Einzufordern!",L'Evento È Terminato E Hai Dominato La Classifica Con Lanci Precisi! Ora È Il Momento Di Riscuotere I Premi In Base Alla Tua Posizione Finale!,"Arrangementet Er Over, Og Du Dominerte Brettet Med Presisjonsdropp! Nå Er Det På Tide Å Kreve Belønningene Dine Fra Din Endelige Plassering!","Событие Завершилось, И Вы Доминировали На Доске Благодаря Точным Сбросам! Теперь Пришло Время Получить Свои Награды За Итоговое Место!",¡El Evento Ha Terminado Y Has Dominado El Tablero Con Lanzamientos Precisos! ¡Ahora Es El Momento De Reclamar Tus Recompensas Según Tu Posición Final!,"Evenemanget Är Över, Och Du Dominerade Spelplanen Med Precisionsdroppar! Nu Är Det Dags Att Hämta Dina Belöningar Från Din Slutliga Placering!",Etkinlik Sona Erdi Ve Isabetli Atışlarınızla Tahtaya Hükmettiniz! Şimdi Son Sıralamanızdan Ödüllerinizi Alma Zamanı!,O Evento Terminou E Você Dominou O Tabuleiro Com Lançamentos Precisos! Agora É Hora De Reivindicar Suas Recompensas De Acordo Com Sua Classificação Final!
MINIGAME_BallDrop_UNCOLLECTED_TITLE,the event has concluded!,,,The event has concluded!,活動已結束！,活动已结束！,イベントは終了しました！,행사가 종료되었습니다!,Arrangementet Er Afsluttet!,Het Evenement Is Afgelopen!,L'Événement Est Terminé !,Die Veranstaltung Ist Beendet!,L'Evento Si È Concluso!,Arrangementet Er Avsluttet!,Мероприятие Завершилось!,¡El Evento Ha Concluido!,Evenemanget Är Avslutat!,Etkinlik Sona Erdi!,O Evento Terminou!
MINIGAME_BallDrop_UNCOLLECTED_DESCRIPTION,thank you for playing the berry lucky event! the event has now come to an end. here are your unclaimed rewards.,,,Thank you for playing the Berry Lucky event! The event has now come to an end. Here are your unclaimed rewards.,感謝您參與莓果幸運活動！活動現已結束。以下是您尚未領取的獎勵。,感谢您参与莓果幸运活动！活动现已结束。以下是您尚未领取的奖励。,ベリーラッキーイベントにご参加いただきありがとうございました！イベントは終了いたしました。未受領の報酬はこちらです。,베리 럭키 이벤트에 참여해주셔서 감사합니다! 이벤트가 종료되었습니다. 아직 수령하지 못하신 보상은 다음과 같습니다.,Tak Fordi Du Deltog I Berry Lucky-Begivenheden! Begivenheden Er Nu Slut. Her Er Dine Uafhentede Belønninger.,Bedankt Voor Je Deelname Aan Het Berry Lucky-Evenement! Het Evenement Is Nu Afgelopen. Hier Zijn Je Nog Niet Opgeëiste Beloningen.,Merci D'Avoir Participé À L'Événement « Berry Lucky » ! L'Événement Est Maintenant Terminé. Voici Vos Récompenses Non Réclamées.,Vielen Dank Fürs Mitspielen Beim Beeren-Glücksevent! Das Event Ist Nun Beendet. Hier Sind Deine Nicht Abgeholten Belohnungen.,Grazie Per Aver Partecipato All'Evento Berry Lucky! L'Evento Si È Concluso. Ecco I Tuoi Premi Non Riscattati.,Takk For At Du Deltok I Berry Lucky-Arrangementet! Arrangementet Er Nå Avsluttet. Her Er Dine Uavhentede Belønninger.,Спасибо За Участие В Акции «Ягодная Удача»! Акция Завершилась. Вот Ваши Невостребованные Награды.,¡Gracias Por Participar En El Evento De La Suerte De Las Bayas! El Evento Ha Finalizado. Aquí Tienes Tus Recompensas No Reclamadas.,Tack För Att Du Deltog I Berry Lucky-Evenemanget! Evenemanget Är Nu Avslutat. Här Är Dina Outnyttjade Belöningar.,Şanslı Meyve Etkinliğine Katıldığınız Için Teşekkür Ederiz! Etkinlik Sona Erdi. İşte Henüz Almadığınız Ödüller.,Obrigado Por Participar Do Evento Berry Lucky! O Evento Chegou Ao Fim. Aqui Estão Suas Recompensas Não Resgatadas.
TOOLTIP_TITLE_MinigameBallDropCurrency,berries,,,Berries,莓果,莓果,ベリー,베리류,Bær,Bessen,Baies,Beeren,Frutti Di Bosco,Bær,Ягоды,Bayas,Bär,Meyveler,Bagas
TOOLTIP_DESC_MinigameBallDropCurrency,used to drop berries in the berry lucky event!,,,Used to drop berries in the Berry Lucky event!,以前會在漿果幸運活動中掉落漿果！,以前会在浆果幸运活动中掉落浆果！,ベリーラッキーイベントでベリーを落とすのに使われていました！,예전에는 베리 행운 이벤트에서 베리를 드롭하곤 했어요!,Plejede At Tabe Bær I Bærheldige Begivenheden!,Gebruikt Om Bessen Te Laten Vallen Tijdens Het Bessen-Geluksevenement!,On Utilisait Cette Technique Pour Obtenir Des Baies Lors De L'Événement Chanceux Aux Baies !,Früher Konnte Man Damit Beim Beeren-Glücksereignis Beeren Abwerfen!,Usato Per Far Cadere Le Bacche Nell'Evento Fortunato Delle Bacche!,Pleide Å Slippe Bær I Bærlykke-Arrangementet!,"Используется Для Сброса Ягод В Рамках События ""Ягодная Удача""!",¡Solía ​​Soltar Bayas En El Evento De La Suerte De Las Bayas!,Brukade Släppa Bär I Bärturevenemanget!,Eskiden Meyve Şans Etkinliğinde Meyve Düşürmek Için Kullanılırdı!,Costumava Dropar Frutinhas No Evento Da Sorte Das Frutinhas!
MINIGAME_BallDrop_MULTI_BALL,berry-blast!,,,Berry-Blast!,漿果爆炸！,浆果爆炸！,ベリーブラスト！,베리 폭발!,bær-eksplosion!,Bessenexplosie!,Explosion de baies !,Beerenexplosion!,Esplosione di frutti di bosco!,bær-eksplosjon!,ягодный взрыв!,¡Explosión de bayas!,bär-explosion!,Meyve patlaması!,explosão de frutas vermelhas!
BALL_DROP_FLOURISH_TEXT_1,i've got a good feeling about this one. a berry good feeling!,,,I've got a good feeling about this one. A berry good feeling!,我覺得這次一定能成功。感覺棒極了！,我觉得这次一定能成功。感觉棒极了！,これはいい予感がする。すごくいい予感がする！,이건 뭔가 좋은 예감이 들어요. 아주 좋은 예감이요!,Jeg har en god fornemmelse omkring denne her. En god bærfølelse!,Ik heb er een goed gevoel over. Echt een heel goed gevoel!,J'ai un bon pressentiment. Un très bon pressentiment !,Ich habe ein gutes Gefühl dabei. Ein richtig gutes Gefühl!,Ho un buon presentimento riguardo a questo. Un presentimento davvero ottimo!,Jeg har en god følelse om denne. En god bærfølelse!,У меня хорошее предчувствие по этому поводу. Очень хорошее предчувствие!,Tengo un buen presentimiento sobre este. ¡Un presentimiento muy bueno!,Jag har en bra känsla inför den här. En bärig känsla!,Bu konuda içimde çok iyi bir his var. Hem de çok iyi bir his!,Tenho um bom pressentimento sobre isso. Um pressentimento muito bom!
BALL_DROP_FLOURISH_TEXT_2,every dessert deserves a chance to reach greatness.,,,Every dessert deserves a chance to reach greatness.,每一種甜點都值得擁有成為偉大的機會。,每一种甜点都值得拥有成为伟大的机会。,すべてのデザートは、偉大な存在になるチャンスを与えられるべきだ。,모든 디저트는 최고의 경지에 오를 기회를 가질 자격이 있습니다.,Hver dessert fortjener en chance for at opnå storhed.,Elk dessert verdient een kans om uit te blinken.,Chaque dessert mérite une chance d'atteindre l'excellence.,"Jedes Dessert verdient die Chance, Großartiges zu leisten.",Ogni dessert merita la possibilità di raggiungere l'eccellenza.,hver dessert fortjener en sjanse til å oppnå storhet.,Каждый десерт заслуживает шанса достичь совершенства.,Todo postre merece una oportunidad para alcanzar la excelencia.,varje dessert förtjänar en chans att nå storhet.,"Her tatlı, mükemmelliğe ulaşma şansını hak eder.",Toda sobremesa merece uma chance de alcançar a grandeza.
BALL_DROP_FLOURISH_TEXT_3,now you're cooking!,,,Now you're cooking!,現在你在做飯了！,现在你在做饭了！,さあ、料理ができましたね！,이제 요리하는군요!,nu laver du mad!,Nu ben je pas echt aan het koken!,"Ça y est, tu cuisines !",Jetzt geht's ans Kochen!,Ora sì che si cucina!,nå lager du mat!,Теперь ты готовишь!,¡Ahora sí que estás cocinando!,nu lagar du mat!,Şimdi işler yolunda!,"Agora sim, você está arrasando!"
BALL_DROP_FLOURISH_TEXT_4,the pegs fear our growing power.,,,The pegs fear our growing power.,這些傀儡害怕我們日益增長的力量。,这些傀儡害怕我们日益增长的力量。,杭は我々の増大する力を恐れている。,그들은 우리의 커져가는 힘을 두려워한다.,pløkkerne frygter vores voksende magt.,De pinnen vrezen onze groeiende macht.,Les pions craignent notre pouvoir grandissant.,Die Stifte fürchten unsere wachsende Macht.,I pioli temono il nostro potere crescente.,pinnene frykter vår voksende kraft.,Колышки боятся нашей растущей мощи.,Los estacas temen nuestro creciente poder.,pinnarna fruktar vår växande kraft.,"Kazıklar, artan gücümüzden korkuyor.",Os pinos temem nosso crescente poder.
BALL_DROP_FLOURISH_TEXT_5,i'm saving room for dessert. all of them.,,,I'm saving room for dessert. All of them.,我要留著肚子吃甜點。所有的甜點我都想吃。,我要留着肚子吃甜点。所有的甜点我都想吃。,デザートのために胃袋のスペースを空けておくわ。全部ね。,디저트 먹을 배는 남겨둘 거야. 전부 다.,Jeg gemmer plads til dessert. Alle sammen.,Ik bewaar ruimte voor het dessert. Allemaal.,Je garde de la place pour le dessert. Tous.,Ich lasse mir noch Platz für den Nachtisch. Für alle.,Sto tenendo spazio per il dolce. Per tutti.,Jeg sparer plass til dessert. Alle sammen.,Я оставляю место для десерта. Для всех до единого.,Estoy guardando espacio para el postre. Para todos ellos.,Jag sparar plats till efterrätt. Allihop.,Tatlıya yer ayırıyorum. Hepsine birden.,Estou guardando espaço para a sobremesa. Todas elas.
BALL_DROP_FLOURISH_TEXT_6,you know what goes well with strawberries? more strawberries.,,,You know what goes well with strawberries? More strawberries.,你知道什麼和草莓最配嗎？當然是更多的草莓囉！,你知道什么和草莓最配吗？当然是更多的草莓啰！,イチゴに合うものって何だと思う？もちろん、もっとイチゴだよ。,딸기랑 잘 어울리는 게 뭔지 알아? 딸기를 더 먹는 거지.,Ved du hvad der passer godt til jordbær? Flere jordbær.,Weet je wat goed samengaat met aardbeien? Nog meer aardbeien.,Vous savez ce qui se marie bien avec les fraises ? Encore plus de fraises !,"Wisst ihr, was gut zu Erdbeeren passt? Noch mehr Erdbeeren.",Sapete cosa si abbina bene alle fragole? Altre fragole.,Vet du hva som passer godt med jordbær? Flere jordbær.,"Знаете, что отлично сочетается с клубникой? Ещё больше клубники.",¿Sabes qué combina bien con las fresas? Más fresas.,Vet du vad som passar bra med jordgubbar? Mer jordgubbar.,Çileğin yanına ne yakışır biliyor musunuz? Daha fazla çilek.,Sabe o que combina bem com morangos? Mais morangos.
BALL_DROP_FLOURISH_TEXT_7,we should celebrate this upgrade with a snack.,,,We should celebrate this upgrade with a snack.,我們應該吃點零食慶祝這次升級。,我们应该吃点零食庆祝这次升级。,このアップグレードを祝って、軽食でも食べましょう。,이번 업그레이드를 기념해서 간식을 먹자.,Vi burde fejre denne opgradering med en snack.,We moeten deze upgrade vieren met een hapje.,Nous devrions fêter cette amélioration avec un petit goûter.,Dieses Upgrade sollten wir mit einem kleinen Imbiss feiern.,Dovremmo festeggiare questo aggiornamento con uno spuntino.,Vi burde feire denne oppgraderingen med en matbit.,Отметить это обновление следует перекусом.,Deberíamos celebrar esta mejora con un refrigerio.,Vi borde fira denna uppgradering med ett mellanmål.,Bu gelişmeyi bir atıştırmalıkla kutlamalıyız.,Devemos comemorar essa melhoria com um lanche.
BALL_DROP_FLOURISH_TEXT_8,today's upgrades are tomorrow's cheesecake.,,,Today's upgrades are tomorrow's cheesecake.,今天的升級，就是明天的起司蛋糕。,今天的升级，就是明天的起司蛋糕。,今日のアップグレードは、明日のチーズケーキだ。,오늘의 업그레이드는 내일의 치즈케이크가 될 것입니다.,Dagens opgraderinger er morgendagens cheesecake.,De upgrades van vandaag zijn de cheesecake van morgen.,Les améliorations d'aujourd'hui sont le gâteau au fromage de demain.,Die Verbesserungen von heute sind der Käsekuchen von morgen.,Gli aggiornamenti di oggi sono la cheesecake di domani.,Dagens oppgraderinger er morgendagens ostekake.,Сегодняшние обновления завтра превратятся в чизкейк.,Las mejoras de hoy son el pastel de queso de mañana.,Dagens uppgraderingar är morgondagens cheesecake.,"Bugünün yenilikleri, yarının cheesecake'i demektir.",As melhorias de hoje são o cheesecake de amanhã.
BALL_DROP_FLOURISH_TEXT_9,a true hero never skips dessert.,,,A true hero never skips dessert.,真正的英雄絕對不會錯過甜點。,真正的英雄绝对不会错过甜点。,真のヒーローはデザートを絶対に抜かない。,진정한 영웅은 절대 디저트를 거르지 않는다.,En sand helt springer aldrig desserten over.,Een echte held slaat het toetje nooit over.,Un vrai héros ne fait jamais l'impasse sur le dessert.,Ein wahrer Held lässt niemals den Nachtisch aus.,Un vero eroe non salta mai il dessert.,En sann helt hopper aldri over dessert.,Настоящий герой никогда не пропускает десерт.,Un verdadero héroe nunca se salta el postre.,en sann hjälte hoppar aldrig över efterrätten.,Gerçek bir kahraman asla tatlıyı atlamaz.,Um verdadeiro herói jamais dispensa a sobremesa.
BALL_DROP_FLOURISH_TEXT_10,some heroes save the world. we make strawberry desserts.,,,Some heroes save the world. We make strawberry desserts.,有些英雄拯救世界，我們製作草莓甜點。,有些英雄拯救世界，我们制作草莓甜点。,世界を救うヒーローもいる。私たちはイチゴのデザートを作る。,"어떤 영웅들은 세상을 구하고, 우리는 딸기 디저트를 만듭니다.",Nogle helte redder verden. Vi laver jordbærdesserter.,Sommige helden redden de wereld. Wij maken aardbeientoetjes.,"Des héros sauvent le monde. Nous, on fait des desserts aux fraises.",Manche Helden retten die Welt. Wir machen Erdbeerdesserts.,Alcuni eroi salvano il mondo. Noi prepariamo dolci alle fragole.,Noen helter redder verden. Vi lager jordbærdesserter.,Некоторые герои спасают мир. Мы делаем клубничные десерты.,Algunos héroes salvan el mundo. Nosotros hacemos postres de fresa.,Några hjältar räddar världen. Vi gör jordgubbsdesserter.,Bazı kahramanlar dünyayı kurtarır. Biz de çilekli tatlılar yaparız.,Alguns heróis salvam o mundo. Nós fazemos sobremesas de morango.
AUG2025LEGENDARYBUNDLE_TITLE,epic loot bundle!,,AUG2025LegendaryBundle,Epic Loot Bundle!,史詩級戰利品包！,史诗级战利品包！,壮大な戦利品バンドル！,엄청난 전리품 번들!,Episk Byttebundt!,Epische Buitbundel!,Pack De Butin Épique !,Episches Beutepaket!,Pacchetto Di Bottino Epico!,Episk Byttepakke!,Эпический Набор Добычи!,¡Paquete De Botín Épico!,Episkt Bytepaket!,Epik Ganimet Paketi!,Pacote De Saque Épico!
AUG2025LEGENDARYBUNDLE_CATCH_DESC,choose your rewards!,,AUG2025LegendaryBundle,Choose Your Rewards!,選擇你的獎勵！,选择你的奖励！,報酬を選んでください！,보상을 선택하세요!,Vælg Dine Belønninger!,Kies Uw Beloningen!,Choisissez Vos Récompenses !,Wählen Sie Ihre Belohnungen!,Scegli I Tuoi Premi!,Velg Belønningene Dine!,Выбери Свои Награды!,¡Elige Tus Recompensas!,Välj Dina Belöningar!,Ödüllerinizi Seçin!,Escolha Suas Recompensas!
GEMSTONE_NAME_0,aetherstone,,0,Aetherstone,以太石,以太石,エーテルストーン,에테르스톤,Ætersten,Ethersteen,Pierre D'Éther,Ätherstein,Pietra Eterea,Eterstein,Эфирный Камень,Piedra Etérea,Etersten,Eter Taşı,Pedra Etérea
GEMSTONE_NAME_1,manaflare core,,1,Manaflare Core,魔力核心,魔力核心,マナフレア コア,마나플레어 코어,Manaflare-Kerne,Manaflare Kern,Noyau De Manaflare,Manaflare-Kern,Nucleo Di Manaflare,Manaflare-Kjerne,Ядро Манафлар,Núcleo De Manaflare,Manaflare-Kärna,Manaflare Çekirdeği,Núcleo De Manaflare
GEMSTONE_NAME_2,aegis crystal,,2,Aegis Crystal,埃吉斯水晶,埃吉斯水晶,イージスクリスタル,이지스 크리스탈,Aegis Krystal,Aegis Kristal,Cristal D'Égide,Aegis-Kristall,Cristallo Dell'Egida,Aegis Krystall,Кристалл Эгиды,Cristal De Égida,Aegiskristall,Aegis Kristali,Cristal Aegis
GEMSTONE_NAME_3,nova quartz,,3,Nova Quartz,新星石英,新星石英,ノヴァクォーツ,노바 쿼츠,Nova Kvarts,Nova Kwarts,Quartz Nova,Nova-Quarz,Nova Quartz,Nova Kvarts,Новый Кварц,Cuarzo Nova,Nova Kvarts,Nova Kuvars,Nova Quartzo
GEMSTONE_NAME_4,beastheart shard,,4,Beastheart Shard,獸心碎片,兽心碎片,ビーストハートの破片,야수심장 조각,Dyrehjerte-Skår,Beestenhartfragment,Éclat De Cœur De Bête,Bestienherzsplitter,Frammento Di Cuore Di Bestia,Dyrehjerte-Skår,Осколок Звериного Сердца,Fragmento De Corazón De Bestia,Odjurshjärtaskärva,Canavar Kalbi Parçası,Fragmento De Coração De Besta
GEMSTONE_NAME_5,anima geode,,5,Anima Geode,靈魂晶洞,灵魂晶洞,アニマジオード,아니마 지오드,Anima Geode,Anima Geode,Géode Anima,Anima-Geode,Geode Anima,Anima Geode,Анима Геод,Geoda De Anima,Animageod,Anima Jeodu,Anima Geode
GEMSTONE_NAME_6,netherstone,,6,Netherstone,下石,下石,ネザーストーン,네더스톤,Netherstone,Nethersteen,Pierre Du Nether,Netherstein,Pietra Del Nether,Netherstone,Алый Камень,Piedra Del Inframundo,Netherstone,Yeraltı Taşı,Pedra Do Inferno
GEMSTONE_NAME_7,pulse shard,,7,Pulse Shard,脈衝碎片,脉冲碎片,パルスシャード,펄스 샤드,Pulsskår,Pulsfragment,Éclat D'Impulsion,Impulsfragment,Frammento Di Impulso,Pulsskår,Импульсный Осколок,Fragmento De Pulso,Pulsskärva,Nabız Parçası,Fragmento De Pulso
GEMSTONE_NAME_8,starstone,,8,Starstone,星石,星石,スターストーン,별의 돌,Stjernesten,Stersteen,Pierre D'Étoile,Sternenstein,Pietra Di Pietra,Stjernestein,Звездный Камень,Piedra Estelar,Stjärnsten,Yıldız Taşı,Pedra Estrela
GEMSTONE_NAME_9,stormshaper prism,,9,Stormshaper Prism,風暴塑形棱鏡,风暴塑形棱镜,ストームシェイパープリズム,스톰셰이퍼 프리즘,Stormshaper Prisme,Stormvormer Prisma,Prisme Façonneur De Tempêtes,Sturmformer-Prisma,Prisma Modellatore Di Tempeste,Stormformerprisme,Призма Штормшейпера,Prisma Moldeador De Tormentas,Stormformare Prisma,Fırtına Şekillendirici Prizma,Prisma Modelador De Tempestades
GEMSTONE_NAME_10,dreadstone,,10,Dreadstone,恐懼之石,恐惧之石,ドレッドストーン,드레드스톤,Frygtsten,Angststeen,Pierre De Terreur,Schreckensstein,Pietra Del Terrore,Fryktstein,Дредстоун,Piedra Del Terror,Dreadstone,Korkunç Taş,Pedra Do Terror
GEMSTONE_NAME_11,zephyr glass,,11,Zephyr Glass,西風玻璃,西风玻璃,ゼファーグラス,제퍼 글래스,Zephyrglas,Zephyr Glas,Verre Zéphyr,Zephyrglas,Vetro Zefiro,Zephyrglass,Зефирное Стекло,Vidrio Céfiro,Zephyrglas,Zephyr Camı,Vidro Zephyr
GEMSTONE_NAME_12,wraithspine,,12,Wraithspine,幽靈脊,幽灵脊,レイスパイン,레이스스파인,Wraithspine,Spookruggengraat,Épine Spectrale,Geisterwirbel,Spina Spettrale,Wraithspine,Призрачный Хребет,Espina Espectral,Wraithspine,Hayalet Omurga,Espinha Espectral
GEMSTONE_NAME_13,voidseeker eye,,13,Voidseeker Eye,虛空尋覓食者之眼,虚空寻觅食者之眼,虚無探求者の目,보이드시커 아이,Tomhedssøgende Øje,Leegtezoeker Oog,Œil Du Chercheur De Vide,Auge Des Leerensuchers,Occhio Del Cercatore Del Vuoto,Tomgangssøkende Øye,Глаз Искателя Пустоты,Ojo Buscador Del Vacío,Tomrumssökande Öga,Boşluk Arayan Göz,Olho Do Buscador Do Vazio
GEMSTONE_NAME_14,shadowgem,,14,Shadowgem,暗影寶石,暗影宝石,シャドウジェム,섀도우젬,Skyggeperle,Schaduwedelsteen,Gemme D'Ombre,Schattenstein,Gemma Ombra,Skyggeperle,Теневой Самоцвет,Gema De Sombra,Skuggsten,Gölge Taşı,Gema Das Sombras
GEMSTONE_NAME_15,kinetic core,,15,Kinetic Core,動能核心,动能核心,キネティックコア,운동 핵,Kinetisk Kerne,Kinetische Kern,Noyau Cinétique,Kinetischer Kern,Nucleo Cinetico,Kinetisk Kjerne,Кинетическое Ядро,Núcleo Cinético,Kinetisk Kärna,Kinetik Çekirdek,Núcleo Cinético
GEMSTONE_NAME_16,astral tear,,16,Astral Tear,星體撕裂,星体撕裂,アストラルティア,별의 눈물,Astral Tåre,Astrale Traan,Larme Astrale,Astralriss,Lacerazione Astrale,Astral Tåre,Астральная Слеза,Lágrima Astral,Astral Tår,Astral Gözyaşı,Lágrima Astral
GEMSTONE_NAME_17,sunstone,,17,Sunstone,日光石,日光石,サンストーン,태양석,Solsten,Zonnesteen,Pierre De Soleil,Sonnenstein,Pietra Del Sole,Solstein,Солнечный Камень,Piedra Solar,Solsten,Güneş Taşı,Pedra Solar
GEMSTONE_NAME_18,hoardstone,,18,Hoardstone,寶石,宝石,宝石,보물석,Hamstersten,Schatsteen,Trésor,Hortstein,Pietra Del Tesoro,Hoardstone,Кладовой Камень,Piedra Del Tesoro,Hamstrasten,Hazine Taşı,Pedra Do Tesouro
GEMSTONE_NAME_19,midasite,,19,Midasite,中部網站,中部网站,ミダサイト,미다사이트,Midasit,Midasite,Midasite,Midasite,Midasite,Midasitt,Мидасайт,Midasita,Midasit,Midasit,Midasita
GEMSTONE_NAME_20,aurum shard,,20,Aurum Shard,金碎片,金碎片,金のかけら,아우룸 샤드,Aurum-Skår,Aurum Scherf,Éclat D'Or,Aurumsplitter,Scheggia D'Oro,Aurum-Skår,Осколок Аурума,Fragmento De Oro,Aurumskärva,Altın Parçası,Fragmento De Ouro
GEMSTONE_NAME_21,fortune amber,,21,Fortune Amber,幸運琥珀,幸运琥珀,幸運の琥珀,포춘 앰버,Lykke Rav,Geluksbarnsteen,Ambre De La Fortune,Glücksbernstein,Ambra Della Fortuna,Lykke Rav,Удача Янтарь,Ámbar De La Fortuna,Förmögenhetsbärnsten,Şans Kehribarı,Âmbar Da Fortuna
GEMSTONE_NAME_22,transmutation catalyst,,22,Transmutation Catalyst,轉化催化劑,转化催化剂,変換触媒,변환 촉매,Transmutationskatalysator,Transmutatiekatalysator,Catalyseur De Transmutation,Transmutationskatalysator,Catalizzatore Di Trasmutazione,Transmutasjonskatalysator,Катализатор Трансмутации,Catalizador De Transmutación,Transmutationskatalysator,Dönüşüm Katalizörü,Catalisador De Transmutação
GEMSTONE_NAME_23,gilded core,,23,Gilded Core,鍍金核心,镀金核心,金メッキされた芯,금박 입힌 코어,Forgyldt Kerne,Vergulde Kern,Noyau Doré,Vergoldeter Kern,Nucleo Dorato,Forgylt Kjerne,Позолоченное Ядро,Núcleo Dorado,Förgylld Kärna,Yaldızlı Çekirdek,Núcleo Dourado
PASSIVE_SKILLS_UPGRADE_TEXT_DamagePerSkillPoint,+{0}% damage per skill point,,,+{0}% Damage Per Skill Point,每點技能點數造成+{0}%傷害,每点技能点数造成+{0}%伤害,スキルポイントごとにダメージが+{0}%増加,스킬 포인트당 피해량 +{0}%,+{0}% Skade Pr. Færdighedspoint,+{0}% Schade Per Vaardigheidspunt,+{0}% De Dégâts Par Point De Compétence,+{0}% Schaden Pro Fertigkeitspunkt,+{0}% Di Danni Per Punto Abilità,+{0}% Skade Per Ferdighetspoeng,+0% Урона За Каждое Очко Навыка,+{0}% De Daño Por Punto De Habilidad,+{0}% Skada Per Färdighetspoäng,+{0}% Beceri Puanı Başına Hasar,+{0}% De Dano Por Ponto De Habilidade
PASSIVE_SKILLS_BONUS_DESC_DamagePerSkillPoint,+{0}% damage per skill point,,,+{0}% Damage Per Skill Point,每點技能點數造成+{0}%傷害,每点技能点数造成+{0}%伤害,スキルポイントごとにダメージが+{0}%増加,스킬 포인트당 피해량 +{0}%,+{0}% Skade Pr. Færdighedspoint,+{0}% Schade Per Vaardigheidspunt,+{0}% De Dégâts Par Point De Compétence,+{0}% Schaden Pro Fertigkeitspunkt,+{0}% Di Danni Per Punto Abilità,+{0}% Skade Per Ferdighetspoeng,+0% Урона За Каждое Очко Навыка,+{0}% De Daño Por Punto De Habilidad,+{0}% Skada Per Färdighetspoäng,+{0}% Beceri Puanı Başına Hasar,+{0}% De Dano Por Ponto De Habilidade
Weapon_SongBird,flute of renewal,,SongBird,Flute of Renewal,復興之笛,复兴之笛,再生の笛,갱신의 플루트,Fornyelsens Fløjte,Fluit Van Vernieuwing,Flûte Du Renouveau,Flöte Der Erneuerung,Flauto Del Rinnovamento,Fløyte Av Fornyelse,Флейта Обновления,Flauta De Renovación,Förnyelsens Flöjt,Yenilenme Flütü,Flauta Da Renovação
Hat_SongBird,crown of songbirds,,SongBird,Crown of Songbirds,鳴禽之冠,鸣禽之冠,鳴き鳥の冠,노래하는 새들의 왕관,Krone Af Sangfugle,Kroon Van Zangvogels,Couronne D'Oiseaux Chanteurs,Krone Der Singvögel,Corona Di Uccelli Canori,Krone Av Sangfugler,Корона Певчих Птиц,Corona De Pájaros Cantores,Krona Av Sångfåglar,Ötücü Kuşların Tacı,Coroa De Pássaros Canoros
Suit_SongBird,springsong robes,,SongBird,Springsong Robes,春之歌長袍,春之歌长袍,スプリングソングローブ,봄 노래 가운,Springsong-Klæder,Lentelied Gewaden,Robes De Chant Printanier,Frühlingslied-Roben,Vesti Del Canto Primaverile,Springsong-Kapper,Весенние Одеяния,Túnicas De Canción De Primavera,Vårsångskläder,Bahar Şarkısı Cübbeleri,Vestes De Canção De Primavera
Aura_SongBird,blooming breeze,,SongBird,Blooming Breeze,繁花似錦的微風,繁花似锦的微风,花咲くそよ風,꽃 피는 산들바람,Blomstrende Brise,Bloeiende Bries,Brise Fleurie,Blühende Brise,Spiaggia Fiorita,Blomstrende Bris,Цветущий Ветерок,Brisa Floreciente,Blommande Bris,Çiçek Açan Esinti,Brisa Florescente
Slash_SongBird,chorus of hope,,SongBird,Chorus of Hope,希望的合唱,希望的合唱,希望の合唱,희망의 합창,Håbets Kor,Koor Van Hoop,Chœur D'Espoir,Chor Der Hoffnung,Coro Di Speranza,Kor Av Håp,Хор Надежды,Coro De Esperanza,Hoppets Kör,Umut Korosu,Coro De Esperança
EQUIPMENT_SET_SongBird,woodland piper,,,Woodland Piper,林地笛鷸,林地笛鹬,ウッドランドパイパー,숲의 피리 부는 사람,Skovpiber,Bosfluitspeler,Joueur De Cornemuse Des Bois,Waldpfeiferer,Pifferaio Dei Boschi,Skogspiper,Лесной Волынщик,Gaitero Del Bosque,Skogspipare,Orman Borazan Kuşu,Gaiteiro Da Floresta
RAIDSKILL_BARBEDMORNINGSTAR,barbed morningstar,,,Barbed Morningstar,帶刺的晨星,带刺的晨星,棘のある明けの明星,가시 돋친 아침별,Pigtrådsmorgenstjerne,Stekelige Morgenster,Étoile Du Matin Barbelée,Stacheliger Morgenstern,Stella Del Mattino Spinosa,Piggtrådmorgenstjerne,Колючая Моргенштерн,Estrella Matutina Con Púas,Taggig Morgonstjärna,Dikenli Sabah Yıldızı,Estrela Da Manhã Farpada
RAIDSKILL_BARBEDMORNINGSTAR_DESC,"increases damage dealt to armored parts for each exposed body part.
increases damage dealt to body parts for each armored part.",,,"Increases damage dealt to armored parts for each exposed body part.
Increases damage dealt to body parts for each armored part.","每暴露一個身體部位，對裝甲部位造成的傷害就會增加。

每增加一個裝甲部位，對身體其他部位造成的傷害就會增加。","每暴露一个身体部位，对装甲部位造成的伤害就会增加。

每增加一个装甲部位，对身体其他部位造成的伤害就会增加。","露出した身体部位ごとに、装甲部位へのダメージが増加します。

装甲部位ごとに、身体部位へのダメージが増加します。","노출된 신체 부위 하나당 갑옷 부위에 가하는 피해량이 증가합니다.
갑옷 부위 하나당 신체 부위에 가하는 피해량이 증가합니다.","øger skaden på pansrede dele for hver blotlagt kropsdel.
øger skaden på kropsdele for hver pansret del.","Verhoogt de schade die wordt toegebracht aan gepantserde lichaamsdelen voor elk blootgesteld lichaamsdeel.

Verhoogt de schade die wordt toegebracht aan lichaamsdelen voor elk gepantserd lichaamsdeel.","Augmente les dégâts infligés aux parties blindées pour chaque partie du corps exposée.

Augmente les dégâts infligés aux parties du corps pour chaque partie blindée.","Erhöht den Schaden an gepanzerten Körperteilen für jedes ungeschützte Körperteil.
Erhöht den Schaden an Körperteilen für jedes gepanzerte Körperteil.","Aumenta il danno inflitto alle parti corazzate per ogni parte del corpo esposta.
Aumenta il danno inflitto alle parti del corpo per ogni parte corazzata.","øker skaden på pansrede deler for hver eksponert kroppsdel.
øker skaden på kroppsdeler for hver pansrede del.","Увеличивает урон, наносимый бронированным частям тела за каждую открытую часть тела.
Увеличивает урон, наносимый частям тела за каждую бронированную часть тела.","Aumenta el daño infligido a las partes blindadas por cada parte del cuerpo expuesta.
Aumenta el daño infligido a las partes del cuerpo por cada parte blindada.","ökar skadan på bepansrade delar för varje exponerad kroppsdel.
ökar skadan på kroppsdelar för varje bepansrad del.","Açıkta kalan her vücut parçası için zırhlı parçalara verilen hasarı artırır.
Her zırhlı parça için vücut parçalarına verilen hasarı artırır.","Aumenta o dano causado às partes blindadas para cada parte do corpo exposta.
Aumenta o dano causado às partes do corpo para cada parte blindada."
RAIDSKILL_BARBEDMORNINGSTAR_FLAV,"wrapped in iron or laid bare, every strike prepares the next.",,,"Wrapped in iron or laid bare, every strike prepares the next.",無論是鐵包裹還是裸露，每一次打擊都為下一次打擊做好準備。,无论是铁包裹还是裸露，每一次打击都为下一次打击做好准备。,鉄で覆われていようと、むき出しのままであろうと、一撃一撃が次の一撃の準備となる。,"철로 감싸여 있든, 맨몸으로 드러나 있든, 모든 공격은 다음 공격을 위한 준비이다.","svøbt i jern eller blottet, forbereder hvert slag det næste.","In ijzer gehuld of onbedekt, elke slag bereidt de volgende voor.","Enveloppée de fer ou à nu, chaque frappe prépare la suivante.","Ob in Eisen gehüllt oder bloßgelegt, jeder Schlag bereitet den nächsten vor.","Avvolta nel ferro o esposta alla luce del sole, ogni colpo prepara il successivo.","pakket inn i jern eller lagt bart, forbereder hvert slag det neste.","Закованный в железо или обнаженный, каждый удар подготавливает следующий.","Envueltos en hierro o al descubierto, cada golpe prepara el terreno para el siguiente.","insvept i järn eller blottad, förbereder varje slag nästa.","İster demirle sarılı olsun ister çıplak, her darbe bir sonrakini hazırlar.","Envolto em ferro ou exposto, cada golpe prepara o próximo."
RAIDSKILL_BARBEDMORNINGSTAR_ICON_A,Burst,,,Burst,Burst,Burst,Burst,Burst,Burst,Burst,Burst,Burst,Burst,Burst,Burst,Burst,Burst,Burst,Burst
RAIDSKILL_BARBEDMORNINGSTAR_ICON_C,Boost,,,Boost,Boost,Boost,Boost,Boost,Boost,Boost,Boost,Boost,Boost,Boost,Boost,Boost,Boost,Boost,Boost
RAIDSKILL_BARBEDMORNINGSTAR_ICON_D,Boost,,,Boost,Boost,Boost,Boost,Boost,Boost,Boost,Boost,Boost,Boost,Boost,Boost,Boost,Boost,Boost,Boost
RAIDSKILL_BARBEDMORNINGSTAR_ICON_E,MaxStacks,,,MaxStacks,MaxStacks,MaxStacks,MaxStacks,MaxStacks,MaxStacks,MaxStacks,MaxStacks,MaxStacks,MaxStacks,MaxStacks,MaxStacks,MaxStacks,MaxStacks,MaxStacks,MaxStacks
RAIDSKILL_BATTLEDRUMS_FLAV,strike hard. strike fast. strike together.,,,Strike hard. Strike fast. Strike together.,轉移色調完美平衡,转移色调完美平衡,シフト色の色合いは完全にバランスが取れています,변속 색조는 완벽하게 균형을 이룹니다,Skiftende Nuancer Perfekt Afbalanceret,Veranderende Tinten Perfect In Balans,Les Teintes Changeantes Parfaitement Équilibrées,Verschiebung Der Farbtöne Perfekt Ausbalanciert,Toni Mutevoli Perfettamente Bilanciati,Skiftende Fargetoner Perfekt Balansert,Изменение Оттенков Идеально Сбалансировано,Tonos Cambiantes Perfectamente Equilibrados,Skiftande Nyanser Perfekt Balanserade,Vançlı Tonlar Mükemmel Dengeli,Tons De Mudança Perfeitamente Equilibrados
RAIDSKILL_BATTLEDRUMS_ICON_A,Boost,,,Boost,Boost,Boost,Boost,Boost,Boost,Boost,Boost,Boost,Boost,Boost,Boost,Boost,Boost,Boost,Boost
BONUS_BarbedMorningstarBurst,burst damage,,,Burst Damage,爆發傷害,爆发伤害,バーストダメージ,폭발 피해,Sprængskader,Barstschade,Dégâts D'Éclatement,Explosionsschaden,Danni Da Scoppio,Sprengningsskade,Взрывной Урон,Daño Por Explosión,Sprängskada,Patlama Hasarı,Dano De Explosão
BONUS_BarbedMorningstarArmorDamageBoost,armor damage per exposed body part,,,Armor Damage per Exposed Body Part,每個暴露的身體部位的護甲損傷,每个暴露的身体部位的护甲损伤,露出した身体部位ごとの装甲ダメージ,노출된 신체 부위별 갑옷 손상,Rustningsskader Pr. Eksponeret Kropsdel,Pantserschade Per Blootgesteld Lichaamsdeel,Dommages Causés Par L'Armure À Chaque Partie Du Corps Exposée,Rüstungsschaden Pro Ungeschütztem Körperteil,Danni All'Armatura Per Parte Del Corpo Esposta,Rustningsskade Per Eksponert Kroppsdel,Повреждение Брони За Каждую Открытую Часть Тела,Daños De La Armadura Por Parte Del Cuerpo Expuesta,Rustningsskada Per Exponerad Kroppsdel,Vücudun Açıkta Kalan Her Bölgesine Verilen Zırh Hasarı,Dano De Armadura Por Parte Do Corpo Exposta
BONUS_BarbedMorningstarBodyDamageBoost,body damage per armor part,,,Body Damage per Armor Part,每塊護甲造成的身體損傷,每块护甲造成的身体损伤,装甲パーツごとの身体ダメージ,갑옷 부위별 신체 손상,Kropsskader Pr. Rustningsdel,Schade Aan Het Pantser Per Onderdeel,Dommages Corporels Par Pièce D'Armure,Körperschaden Pro Rüstungsteil,Danni Al Corpo Per Parte Dell'Armatura,Kroppsskade Per Rustningsdel,Повреждения Тела В Зависимости От Части Брони,Daño Corporal Por Parte De La Armadura,Kroppsskada Per Rustningsdel,Zırh Parçası Başına Vücut Hasarı,Dano Corporal Por Peça De Armadura
RAIDSKILL_BARBEDMORNINGSTAR_LONGDESC_1,maximum boost caps at 5 parts.,,,{-} Maximum effect caps at 5 parts.,最大增壓上限為 5 個零件。,最大增压上限为 5 个零件。,最大ブースト容量は5パーツです。,최대 부스트 제한은 5개 부품입니다.,Maksimale Boost-Hætter Ved 5 Dele.,Maximale Boostlimiet Bij 5 Onderdelen.,Limites De Suralimentation Maximales À 5 Pièces.,Maximale Ladedruckbegrenzung Bei 5 Teilen.,Limiti Massimi Di Sovralimentazione A 5 Componenti.,Maksimale Boost-Hetter På 5 Deler.,Максимальное Ограничение Наддува Составляет 5 Частей.,El Límite Máximo De Impulso Es De 5 Partes.,Maximala Boost-Tak Vid 5 Delar.,Maksimum Güçlendirme Sınırı 5 Parçadır.,Limites Máximos De Aumento De Potência Em 5 Partes.
BONUS_BoostedSupportSlots,raid crystal support slots,,,Raid Crystal Support Slots,突襲水晶支援槽位,突袭水晶支援槽位,レイドクリスタルサポートスロット,레이드 크리스탈 지원 슬롯,Raid Crystal-Støttepladser,Raid Kristal Ondersteuningsslots,Emplacements De Support Pour Cristaux De Raid,Unterstützungsplätze Für Raid-Kristalle,Slot Di Supporto Per Cristalli Raid,Raid Crystal-Støttespor,Слоты Поддержки Кристаллов Рейда,Ranuras De Soporte De Cristales De Incursión,Raid Crystal-Stödplatser,Baskın Kristal Destek Yuvaları,Slots De Suporte De Cristal De Raide
BONUS_BoostedAfflictionSlots,raid crystal affliction slots,,,Raid Crystal Affliction Slots,突襲水晶痛苦槽位,突袭水晶痛苦槽位,レイドクリスタルのアフィクションスロット,레이드 크리스탈 고통 슬롯,Raid Crystal Affliction Spilleautomater,Raid Kristal Aandoening Slots,Emplacements D'Affliction De Cristal De Raid,Raid-Kristall-Schwächungsplätze,Slot Di Afflizione Del Cristallo Raid,Raid Crystal Affliction-Spilleautomater,Слоты Для Рейдовых Кристаллов И Поражений,Ranuras De Aflicción De Cristal De Incursión,Raid Crystal Affliction-Spelautomater,Baskın Kristali Felaket Yuvaları,Slots De Aflição De Cristal De Raide
BONUS_BoostedBurstSlots,raid crystal burst slots,,,Raid Crystal Burst Slots,突襲水晶爆發槽位,突袭水晶爆发槽位,レイドクリスタルバーストスロット,레이드 크리스탈 버스트 슬롯,Raid Crystal Burst-Spilleautomater,Raid Crystal Burst Slots,Emplacements De Cristaux De Raid,Raid-Kristall-Explosionsplätze,Slot Raid Crystal Burst,Raid Crystal Burst-Spilleautomater,Слоты Для Кристаллического Взрыва В Рейде,Ranuras De Ráfaga De Cristal De Incursión,Raid Crystal Burst-Spelautomater,Baskın Kristal Patlaması Yuvaları,Slots De Explosão De Cristal De Ataque
BONUS_DESC_BoostedSwordAttackDamage,Increases your All Damage and Critical Damage.,,,Increases your All Damage and Critical Damage.,增加了所有傷害和危急損害。,增加了所有伤害和危急损害。,すべての損傷や重大な損傷を増やします。,모든 손상 및 치명적인 손상을 증가시킵니다.,Øger din alle skader og kritiske skader.,Verhoogt uw alle schade en kritische schade.,Augmente votre tout dommage et vos dommages critiques.,Erhöht Ihren Schaden und den kritischen Schaden.,Aumenta il tuo danno e danni critici.,Øker din skade og kritisk skade.,Увеличивает ваш весь урон и критический ущерб.,Aumenta todo su daño y daño crítico.,Ökar din alla skador och kritiska skador.,Tüm hasarınızı ve eleştirel hasarınızı arttırır.,Aumenta todos os danos e danos críticos.
BONUS_DESC_BoostedSupportSlots,increases your number of raid crystal support slots,,,Increases your number of Raid Crystal Support Slots,增加你的團隊副本水晶支援槽位數量,增加你的团队副本水晶支援槽位数量,レイドクリスタルのサポートスロット数を増やします,레이드 크리스탈 지원 슬롯 수를 늘려줍니다.,Øger Dit Antal Raidkrystal-Supportpladser,Vergroot Het Aantal Ondersteuningsslots Voor Raidkristallen.,Augmente Le Nombre D'Emplacements De Support Pour Cristaux De Raid,Erhöht Die Anzahl Deiner Raid-Kristall-Unterstützungsplätze.,Aumenta Il Numero Di Slot Di Supporto Per I Cristalli Raid,Øker Antallet Støtteplasser For Raidkrystaller,Увеличивает Количество Слотов Поддержки Рейдовых Кристаллов.,Aumenta Tu Número De Ranuras De Soporte De Cristales De Incursión,Ökar Ditt Antal Platser För Stöd För Raidkristaller,Baskın Kristali Destek Yuvalarınızın Sayısını Artırır.,Aumenta O Número De Espaços De Suporte Para Cristais De Raide.
BONUS_DESC_BoostedAfflictionSlots,increases your number of raid crystal affliction slots,,,Increases your number of Raid Crystal Affliction Slots,增加你的團隊副本水晶異常狀態欄位數量,增加你的团队副本水晶异常状态栏位数量,レイドクリスタルのアフィクションスロット数を増やします,레이드 크리스탈 고통 슬롯 수를 늘려줍니다.,Øger Dit Antal Raid Crystal Affliction-Pladser,Vergroot Het Aantal Slots Voor Raidkristallen Die Je Kunt Gebruiken.,Augmente Le Nombre D'Emplacements D'Affliction De Vos Cristaux De Raid,Erhöht Die Anzahl Deiner Raid-Kristall-Schwächungsplätze.,Aumenta Il Numero Di Slot Per Le Afflizioni Dei Cristalli Raid,Øker Antallet Raidkrystall-Affliction-Plasser,Увеличивает Количество Слотов Для Рейдовых Кристаллов.,Aumenta Tu Número De Ranuras De Aflicción De Cristales De Incursión,Ökar Ditt Antal Raidkristall-Affliction-Platser,Baskın Kristali Hastalık Yuvalarınızın Sayısını Artırır.,Aumenta O Número De Espaços Para Cristais De Incursão Com Aflições.
RAIDSKILL_BARBEDMORNINGSTAR_ICON_E,MaxStacks,,,MaxStacks,MaxStacks,MaxStacks,MaxStacks,MaxStacks,MaxStacks,MaxStacks,MaxStacks,MaxStacks,MaxStacks,MaxStacks,MaxStacks,MaxStacks,MaxStacks,MaxStacks,MaxStacks
JULY2026DRUMSTARBUNDLE_TITLE,new raid skills bundle!,,JUNE2026BoostedRaidBundle,New Raid Skills Battle Bundle!,賽季強化包,赛季强化包,シーズンブースターバンドル,시즌 부스터 번들,Sæsonboosterpakke,Seizoensboosterpakket,Pack De Démarrage De Saison,Saison-Booster-Paket,Pacchetto Potenziamento Stagione,Sesongboosterpakke,Сезонный Бустерный Набор,Paquete De Refuerzo De Temporada,Säsongsboosterpaket,Sezon Güçlendirici Paketi,Pacote De Reforço Da Temporada
JULY2026DRUMSTARBUNDLE_CATCH_DESC,enough cards to reach level 13 each!,,JUNE2026BoostedRaidBundle,Enough Cards to reach Level 13 Each!,足夠的卡片，每張都能升到13級！,足够的卡片，每张都能升到13级！,それぞれレベル13に到達するのに十分なカード！,각 레벨 13에 도달할 수 있는 충분한 카드!,nok kort til at nå niveau 13 hver!,Genoeg kaarten om elk niveau 13 te bereiken!,suffisamment de cartes pour atteindre le niveau 13 chacune !,"Genügend Karten, um jeweils Level 13 zu erreichen!",carte a sufficienza per raggiungere il livello 13 ciascuno!,nok kort til å nå nivå 13 hver!,"Достаточно карт, чтобы каждая достигла 13-го уровня!",¡Suficientes cartas para alcanzar el nivel 13 cada una!,tillräckligt med kort för att nå nivå 13 vardera!,Her biriniz için 13. seviyeye ulaşmaya yetecek kadar kart!,cartas suficientes para alcançar o nível 13 cada!
BONUS_BarbedMorningstarDamageBoostMaxParts,Max Parts,,,Max Parts,Max Parts,Max Parts,マックスパーツ,맥스 파츠,Maks. Dele,Max Parts,Max Parts,Max Parts,Max Parts,Maks Deler,Макс Партс,Piezas Max,Maxdelar,Maksimum Parçalar,Peças Max
SONGBIRDBUNDLE_TITLE,woodland piper bundle!,,SONGBIRD,Woodland Piper Bundle!,林地風笛鳥群！,林地风笛鸟群！,森のパイパーの束！,숲속의 피리 부는 새 선물 세트!,Woodland Piper-Pakke!,Bosfluitenbundel!,Fagot De Cornemuse Des Bois !,Waldpfeifer-Bündel!,Pacchetto Di Pifferaio Del Bosco!,Woodland Piper-Pakke!,Набор «Лесной Волынщик»!,¡Paquete De Gaiteros Del Bosque!,Woodland Piper-Paket!,Orman Flütçüsü Demeti!,Pacote De Gaiteiro Da Floresta!
SONGBIRDBUNDLE_CATCH_DESC,increase the raid power of your support skills!,,SONGBIRD,Increase the raid power of your Support skills!,提升輔助技能的突襲威力！,提升辅助技能的突袭威力！,サポートスキルの攻撃力を上げよう！,지원 스킬의 레이드 위력을 높이세요!,Øg Raidkraften I Dine Supportfærdigheder!,Verhoog De Aanvalskracht Van Je Ondersteunende Vaardigheden!,Augmentez La Puissance De Vos Compétences De Soutien Lors Des Raids !,Verstärke Die Angriffskraft Deiner Unterstützungsfähigkeiten!,Aumenta La Potenza D'Attacco Delle Tue Abilità Di Supporto!,Øk Raidkraften Til Støtteferdighetene Dine!,Увеличьте Рейдовую Мощь Ваших Вспомогательных Навыков!,¡Aumenta El Poder De Ataque De Tus Habilidades De Apoyo!,Öka Raidkraften I Dina Supportfärdigheter!,Destek Yeteneklerinizin Baskın Gücünü Artırın!,Aumente O Poder De Ataque Das Suas Habilidades De Suporte!
SEASONAL_ARTIFACT_ENCHANT_NEW_TITLE,enchant a monument,,,Enchant a Monument,為紀念碑增添魅力,为纪念碑增添魅力,記念碑に魔法をかける,기념비를 매혹시키다,Fortrylle Et Monument,Een Monument Betoveren,Enchanter Un Monument,Ein Denkmal Verzaubern,Incantare Un Monumento,Fortrylle Et Monument,Околдовать Памятник,Encantar Un Monumento,Förtrolla Ett Monument,Bir Anıtı Büyülemek,Encantar Um Monumento
SEASONAL_ARTIFACT_ENCHANT_NEW_DESCR,spend mementos to enchant an existing monument!,,,Spend Mementos to enchant an existing Monument!,用紀念品來美化現有的紀念碑吧！,用纪念品来美化现有的纪念碑吧！,記念品を使って既存の記念碑を魅力的に飾りましょう！,기념품을 활용하여 기존 기념물을 더욱 아름답게 꾸며보세요!,Brug Souvenirs Til At Fortrylle Et Eksisterende Monument!,Gebruik Aandenkens Om Een ​​Bestaand Monument Te Verfraaien!,Offrez Des Souvenirs Pour Embellir Un Monument Existant !,Verzaubere Ein Bestehendes Denkmal Mit Erinnerungsstücken!,Usa I Ricordi Per Incantare Un Monumento Già Esistente!,Bruk Suvenirer For Å Fortrylle Et Eksisterende Monument!,"Используйте Памятные Предметы, Чтобы Украсить Существующий Памятник!",¡Utiliza Recuerdos Para Dar Un Toque Especial A Un Monumento Ya Existente!,Spendera Souvenirer För Att Förtrolla Ett Befintligt Monument!,Mevcut Bir Anıtı Büyülemek Için Hatıra Eşyaları Harcayın!,Use Lembranças Para Encantar Um Monumento Já Existente!
SEASONAL_ARTIFACT_ENCHANT_DESCR,choose a monument to enchant!,,,Choose a Monument to enchant!,選擇一座紀念碑來展現它的魅力！,选择一座纪念碑来展现它的魅力！,魅惑的なモニュメントを選びましょう！,매혹시킬 기념물을 선택하세요!,Vælg Et Monument At Fortrylle!,Kies Een Monument Om Te Betoveren!,Choisissez Un Monument À Enchanter !,"Wähle Ein Denkmal, Das Dich Verzaubern Soll!",Scegli Un Monumento Da Incantare!,Velg Et Monument Å Fortrylle!,"Выберите Памятник, Который Вас Очарует!",¡Elige Un Monumento Que Te Encante!,Välj Ett Monument Att Förtrolla!,Büyüleyici Bir Anıt Seçin!,Escolha Um Monumento Que Te Encante!
GEMSTONE_CURRENCY_REWARD_COMPLETE_TITLE,have some gemstones!,,,Have some Gemstones!,來點寶石吧！,来点宝石吧！,宝石をいくつか持っています！,보석 좀 있어요!,har nogle ædelsten!,Ik heb een paar edelstenen!,J'ai des pierres précieuses !,Ich habe ein paar Edelsteine!,Ho delle pietre preziose!,har noen edelstener!,У меня есть несколько драгоценных камней!,¡Tengo algunas piedras preciosas!,har några ädelstenar!,Bazı değerli taşlarınız olsun!,Tenho algumas pedras preciosas!
GEMSTONE_CURRENCY_REWARD_COMPLETE_DESCRIPTION,"hey tappers!

v8.0 is here, and it's a big one! mystic gemstones have been completely reworked, so get ready to power up your build and discover new combos to crush those pesky titans with. to help you jump into the new system, here's a little something on us.

thank you for sticking with us through every update and we hope you enjoy v8.0!

tap on!!",,,"Hey Tappers!

v8.0 is here, and it's a big one! Mystic Gemstones have been completely reworked, so get ready to power up your build and discover new combos to crush those pesky Titans with. To help you jump into the new system, here's a little something on us.

Thank you for sticking with us through every update and we hope you enjoy v8.0!

Tap On!!","嘿，各位《辛普森家庭：點擊》玩家們！

v8.0 版本震撼來襲，這次更新內容豐富！神秘寶石系統已全面重製，準備好強化你的角色，探索全新組合，碾壓那些煩人的泰坦吧！為了幫助大家快速上手新系統，我們特意準備了一份小禮物。

感謝大家一路以來的支持，希望你們喜歡 v8.0！

盡情暢玩吧！","嘿，各位《辛普森家庭：点击》玩家们！

v8.0 版本震撼来袭，这次更新内容丰富！神秘宝石系统已全面重制，准备好强化你的角色，探索全新组合，碾压那些烦人的泰坦吧！为了帮助大家快速上手新系统，我们特意准备了一份小礼物。

感谢大家一路以来的支持，希望你们喜欢 v8.0！

尽情畅玩吧！","タッププレイヤーの皆さん！

v8.0がリリースされました！今回は大型アップデートです！ミスティックジェムストーンが完全にリニューアルされたので、ビルドを強化して、厄介なタイタンを打ち倒すための新しいコンボを発見する準備をしましょう。新しいシステムに慣れていただくために、ささやかなプレゼントをご用意しました。

これまでアップデートを支えてくださり、ありがとうございます。v8.0をお楽しみください！

タップオン！","안녕하세요, 탭퍼 여러분!

v8.0이 드디어 출시되었습니다! 이번 업데이트는 정말 대대적인 개편이에요. 신비로운 보석 시스템이 완전히 새롭게 바뀌어서, 여러분의 빌드를 더욱 강력하게 만들고, 까다로운 타이탄들을 물리칠 새로운 조합을 발견할 수 있을 거예요. 새로운 시스템에 쉽게 적응하실 수 있도록 저희에 대한 간단한 소개도 준비했습니다.

매번 업데이트를 함께해 주셔서 진심으로 감사드리며, v8.0도 즐겁게 플레이하시길 바랍니다!

탭온!!","Hej tappers!

V8.0 er her, og det er en stor en! Mystiske ædelsten er blevet fuldstændig omarbejdet, så gør dig klar til at give dit build ekstra power og opdage nye kombinationer til at knuse de irriterende titaner med. For at hjælpe dig med at hoppe ind i det nye system, er her en lille ting fra os.

Tak fordi I følger med os gennem hver opdatering, og vi håber, I nyder v8.0!

Tap on!!","Hallo tappers!

Versie 8.0 is er, en het is een grote! Mystieke edelstenen zijn volledig herwerkt, dus maak je klaar om je build te verbeteren en nieuwe combo's te ontdekken om die vervelende titanen te verpletteren. Om je te helpen snel in het nieuwe systeem te komen, hebben we een kleine verrassing voor je.

Bedankt dat jullie ons bij elke update trouw zijn gebleven en we hopen dat jullie veel plezier beleven aan versie 8.0!

Speel ze!","Salut les joueurs !

La v8.0 est arrivée, et elle est conséquente ! Les gemmes mystiques ont été entièrement repensées. Préparez-vous à booster votre build et à découvrir de nouveaux combos pour terrasser ces fichus titans. Pour vous aider à vous familiariser avec le nouveau système, voici un petit cadeau de notre part.

Merci de votre fidélité à chaque mise à jour et nous espérons que vous apprécierez la v8.0 !

À bientôt !","Hey Tapper!

Version 8.0 ist da und hat es in sich! Mystische Edelsteine ​​wurden komplett überarbeitet. Macht euch bereit, eure Builds zu verstärken und neue Kombos zu entdecken, mit denen ihr die lästigen Titanen vernichten könnt. Damit ihr euch im neuen System zurechtfindet, haben wir hier eine kleine Überraschung für euch.

Vielen Dank, dass ihr uns bei jedem Update die Treue gehalten habt. Wir hoffen, euch gefällt Version 8.0!

Viel Spaß beim Tippen!","Ciao tappers!

La versione 8.0 è arrivata, ed è davvero importante! Le gemme mistiche sono state completamente rielaborate, quindi preparatevi a potenziare le vostre build e a scoprire nuove combo per annientare quei fastidiosi titani. Per aiutarvi a familiarizzare con il nuovo sistema, ecco un piccolo omaggio da parte nostra.

Grazie per averci seguito in ogni aggiornamento e speriamo che vi divertiate con la versione 8.0!

Continuate a tap!!","Hei tappers!

V8.0 er her, og det er en stor en! Mystiske edelstener har blitt fullstendig omarbeidet, så gjør deg klar til å gi krefter til bygget ditt og oppdage nye kombinasjoner for å knuse de plagsomme titanene med. For å hjelpe deg med å hoppe inn i det nye systemet, har vi en liten fornøyelse.

Takk for at dere følger med oss ​​gjennom hver oppdatering, og vi håper dere liker V8.0!

Tap on!!","Привет, тапперы!

Вышла версия 8.0, и она очень масштабная! Мистические драгоценные камни были полностью переработаны, так что готовьтесь улучшить свою сборку и открыть новые комбинации, чтобы сокрушить этих надоедливых титанов. Чтобы помочь вам освоиться в новой системе, вот немного информации о нас.

Спасибо, что оставались с нами на протяжении всех обновлений, и надеемся, вам понравится версия 8.0!

Нажимайте на экран!!","¡Hola, Tappers!

¡Llegó la versión 8.0, y es una gran actualización! Las gemas místicas se han rediseñado por completo, así que prepárense para potenciar sus builds y descubrir nuevos combos para derrotar a esos molestos titanes. Para ayudarlos a familiarizarse con el nuevo sistema, les traemos un pequeño obsequio.

¡Gracias por acompañarnos en cada actualización y esperamos que disfruten de la versión 8.0!

¡A jugar!","Hej tappers!

V8.0 är här, och det är en stor sak! Mystiska ädelstenar har blivit helt omarbetade, så gör dig redo att ge din build mer kraft och upptäck nya kombinationer att krossa de där irriterande titanerna med. För att hjälpa dig att hoppa in i det nya systemet kommer här en liten sak från oss.

Tack för att ni följer oss genom varje uppdatering och vi hoppas att ni gillar V8.0!

Tap on!!","Merhaba Tappers!

v8.0 burada ve çok büyük bir güncelleme! Gizemli taşlar tamamen yeniden tasarlandı, bu yüzden yapınızı güçlendirmeye ve o sinir bozucu titanları ezmek için yeni kombinasyonlar keşfetmeye hazır olun. Yeni sisteme geçmenize yardımcı olmak için, işte size küçük bir hediye.

Her güncellemede bizimle kaldığınız için teşekkür ederiz ve v8.0'ın keyfini çıkarmanızı umuyoruz!

Devam edin!!","E aí, jogadores!

A versão 8.0 chegou, e é uma versão enorme! As gemas místicas foram completamente reformuladas, então preparem-se para fortalecer suas builds e descobrir novas combinações para derrotar aqueles titãs irritantes. Para ajudar vocês a se adaptarem ao novo sistema, aqui vai um pequeno resumo.

Obrigado por acompanharem a gente em todas as atualizações e esperamos que vocês curtam a versão 8.0!

Vamos lá!"
SEE_SALVAGED_MONUMENTS,see salvaged monuments,,,See Salvaged Monuments,參觀搶救後的古蹟,参观抢救后的古迹,回収された記念碑を見る,복원된 기념물을 보세요,Se Bjærgede Monumenter,Bekijk Geredde Monumenten,Voir Les Monuments Sauvés,Geborgene Denkmäler Ansehen,Vedere I Monumenti Recuperati,Se Bergede Monumenter,См. Спасенные Памятники,Ver Monumentos Rescatados,Se Bevarade Monument,Kurtarılmış Anıtları Görün,Ver Monumentos Recuperados
SHOW_AVATAR_INC_NUM_ENABLED,show avatar numbers,,,Show Avatar Numbers,顯示頭像編號,显示头像编号,アバター番号を表示,아바타 번호 표시,vis avatarnumre,Avatarnummers weergeven,afficher les numéros d'avatar,Avatar-Nummern anzeigen,mostra i numeri degli avatar,vis avatarnumre,показать номера аватара,mostrar números de avatar,visa avatarnummer,avatar numaralarını göster,mostrar números de avatar
RAIDSKILL_BATTLEDRUMS,Battle Drums,,,Battle Drums,戰鼓,战鼓,バトルドラム,전투 북소리,Kamptrommer,Strijdtrommels,Tambours De Guerre,Kampftrommeln,Tamburi Da Battaglia,Kamptrommer,Боевые Барабаны,Tambores De Batalla,Stridstrummor,Savaş Davulları,Tambores De Batalha
RAIDSKILL_BATTLEDRUMS_DESC,greatly increases damage dealt to the titan in exchange for reducing raid attack time.,,,Greatly increases damage dealt to the titan in exchange for reducing raid attack time.,大幅增加對泰坦造成的傷害，但會縮短團隊攻擊時間。,大幅增加对泰坦造成的伤害，但会缩短团队攻击时间。,襲撃時間を短縮する代わりに、タイタンに与えるダメージを大幅に増加させる。,타이탄에게 가하는 피해량이 크게 증가하는 대신 레이드 공격 시간이 단축됩니다.,"Øger Den Skade, Der Påføres Titanen, Betydeligt Til Gengæld For At Reducere Angrebstiden For Raids.",Verhoogt De Schade Die De Titaan Oploopt Aanzienlijk In Ruil Voor Een Kortere Aanvalstijd.,Augmente Considérablement Les Dégâts Infligés Au Titan En Échange D'Une Réduction Du Temps D'Attaque Du Raid.,"Erhöht Den Dem Titanen Zugefügten Schaden Erheblich, Verkürzt Aber Im Gegenzug Die Angriffszeit Des Schlachtzugs.",Aumenta Notevolmente Il Danno Inflitto Al Titano In Cambio Di Una Riduzione Del Tempo Di Attacco Del Raid.,Øker Skaden Som Påføres Titanen Betraktelig I Bytte Mot Å Redusere Raidangrepstiden.,"Значительно Увеличивает Урон, Наносимый Титану, В Обмен На Сокращение Времени Атаки В Рейде.",Aumenta Considerablemente El Daño Infligido Al Titán A Cambio De Reducir El Tiempo De Ataque En Las Incursiones.,Ökar Avsevärt Skadan På Titanen I Utbyte Mot Att Minska Attacktiden För Raid.,Saldırı Süresini Kısaltmak Karşılığında Titana Verilen Hasarı Önemli Ölçüde Artırır.,Aumenta Consideravelmente O Dano Causado Ao Titã Em Troca De Reduzir O Tempo De Ataque Do Ataque.
RAIDSKILL_BATTLEDRUMS_ICON_C,Duration,,,Duration,Duration,Duration,Duration,Duration,Duration,Duration,Duration,Duration,Duration,Duration,Duration,Duration,Duration,Duration,Duration
CLAN_GIFT_INBOX_TITLE,{0} sent you a gift,,,{0} sent you a gift,{0} 送了你一份禮物,{0} 送了你一份礼物,{0} があなたにギフトを送りました,{0}님이 선물을 보내셨습니다,{0} Sendte Dig En Gave,{0} Heeft Je Een Cadeau Gestuurd,{0} Vous A Envoyé Un Cadeau,{0} Hat Dir Ein Geschenk Geschickt,{0} Ti Ha Inviato Un Regalo,{0} Sendte Deg En Gave,{0} Отправил Вам Подарок,{0} Te Envió Un Regalo,{0} Skickade Dig En Present,{0} Size Bir Hediye Gönderdi,{0} Enviou-Lhe Um Presente
CLAN_GIFT_INBOX_DESCRIPTION,a fellow clan member has sent a gift to you. make sure to thank them in your clan chat!,,,A fellow clan member has sent a gift to you. Make sure to thank them in your clan chat!,一位部落成員送了你一份禮物。記得在部落聊天頻道感謝他/她哦！,一位部落成员送了你一份礼物。记得在部落聊天频道感谢他/她哦！,クランメンバーからプレゼントが届きました。クランチャットで感謝の気持ちを伝えましょう！,같은 클랜원이 당신에게 선물을 보냈습니다. 클랜 채팅에서 감사 인사를 전하세요!,Et andet klanmedlem har sendt dig en gave. Sørg for at takke dem i din klanchat!,Een mede-clanlid heeft je een cadeautje gestuurd. Vergeet niet hem of haar te bedanken in de clanchat!,Un membre de votre clan vous a envoyé un cadeau. N'oubliez pas de le remercier dans le chat de votre clan !,"Ein anderes Clanmitglied hat dir ein Geschenk geschickt. Vergiss nicht, dich im Clan-Chat zu bedanken!",Un altro membro del clan ti ha inviato un regalo. Assicurati di ringraziarlo nella chat del clan!,Et annet klanmedlem har sendt deg en gave. Sørg for å takke dem i klanchatten din!,Один из членов клана прислал вам подарок. Не забудьте поблагодарить его в клановом чате!,Un compañero de clan te ha enviado un regalo. ¡No olvides darle las gracias en el chat del clan!,En annan klanmedlem har skickat en gåva till dig. Se till att tacka dem i din klanchatt!,Klan üyelerinden biri sana hediye gönderdi. Klan sohbetinde ona teşekkür etmeyi unutma!,Um membro do seu clã lhe enviou um presente. Não se esqueça de agradecê-lo no chat do clã!
CLAN_GIFT_HEADER_TEXT,{0} has sent a gift,,,{0} has sent a gift,{0} 送了一份禮物,{0} 送了一份礼物,{0} がギフトを送りました,{0}님이 선물을 보냈습니다,{0} Har Sendt En Gave,{0} Heeft Een Cadeau Gestuurd,{0} A Envoyé Un Cadeau,{0} Hat Ein Geschenk Gesendet,{0} Ha Inviato Un Regalo,{0} Har Sendt En Gave,{0} Отправил Подарок,{0} Ha Enviado Un Regalo,{0} Har Skickat En Present,{0} Bir Hediye Gönderdi,{0} Enviou Um Presente
CLAN_GIFT_DESCR_TEXT,{0} has sent all of you a gift. check your inbox to claim it!,,,{0} has sent all of you a gift. Check your inbox to claim it!,{0} 送給你們眾人 {1},{0} 送给你们众人 {1},{0} はあなた方全員に {1} を贈りました,{0}은 여러분 모두에게 {1}을 선물했습니다.,{0} Har Givet Jer Alle En Gave {1},{0} Heeft Jullie Allemaal {1} ​​Cadeau Gedaan,{0} Vous A Tous Offert {1},{0} Hat Euch Allen {1} Geschenkt.,{0} Vi Ha Regalato Tutti {1},{0} Har Gitt Dere Alle En Gave {1},{0} Подарил Всем Вам {1},{0} Os Ha Obsequiado A Todos Con {1},{0} Har Gett Er Alla En Gåva {1},{0} Hepinize {1} Hediye Etti.,{0} Presenteou Todos Vocês Com {1}
CLAN_GIFT_TOOL_TIP_TITLE,clan gift,,,Clan Gift,氏族禮物,氏族礼物,クランギフト,씨족 선물,Klangave,Clan Geschenk,Cadeau Du Clan,Clangeschenk,Dono Del Clan,Klangave,Подарок Клана,Regalo Del Clan,Klangåva,Klan Hediyesi,Presente Do Clã
CLAN_GIFT_TOOL_TIP_DESCR,your clan members also receive a gift,,,Your clan members also receive a gift,你的氏族成員也會收到一份禮物,你的氏族成员也会收到一份礼物,あなたのクランメンバーもギフトを受け取ります,클랜 구성원들도 선물을 받습니다.,dine klanmedlemmer modtager også en gave,Ook de leden van je clan ontvangen een cadeau.,Les membres de votre clan reçoivent également un cadeau,Auch deine Clanmitglieder erhalten ein Geschenk,Anche i membri del tuo clan riceveranno un regalo,klanmedlemmene dine får også en gave,Члены вашего клана также получают подарок.,Los miembros de tu clan también reciben un regalo.,dina klanmedlemmar får också en gåva,Klan üyeleriniz de bir hediye alacak.,Os membros do seu clã também recebem um presente.
CLAN_GIFT,clan gift,,,Clan Gift,氏族禮物,氏族礼物,クランギフト,씨족 선물,Klangave,Clan Geschenk,Cadeau Du Clan,Clangeschenk,Dono Del Clan,Klangave,Подарок Клана,Regalo Del Clan,Klangåva,Klan Hediyesi,Presente Do Clã
SHOP_BUNDLE_CLAN_GIFT_TITLE,your clan mates will receive the following items:,,,Your clan mates will receive the following items:,你的氏族成員將收到以下物品：,你的氏族成员将收到以下物品：,あなたのクランメンバーは以下のアイテムを受け取ります。,클랜원들은 다음 아이템들을 받게 됩니다:,Dine klankammerater vil modtage følgende genstande:,Je clanleden ontvangen de volgende items:,Les membres de votre clan recevront les objets suivants :,Deine Clanmitglieder erhalten die folgenden Gegenstände:,I tuoi compagni di clan riceveranno i seguenti oggetti:,Klankameratene dine vil motta følgende gjenstander:,Ваши соклановцы получат следующие предметы:,Tus compañeros de clan recibirán los siguientes artículos:,Dina klankamrater kommer att få följande föremål:,Klan arkadaşlarınız aşağıdaki eşyaları alacaklar:,Seus companheiros de clã receberão os seguintes itens:
CLAN_CHAT_BAN_KICK,{0} has been banned.,,,{0} has been banned.,{0} 已停用。,{0} 已停用。,{0}は禁止されました。,{0}님이 차단되었습니다.,{0} Er Blevet Udelukket.,{0} Is Verbannen.,{0} A Été Banni.,{0} Wurde Gesperrt.,{0} È Stato Bannato.,{0} Har Blitt Utestengt.,{0} Был Запрещен.,{0} Ha Sido Prohibido.,{0} Har Blivit Avstängd.,{0} Yasaklandı.,{0} Foi Banido.
TORTOISEBUNDLE_TITLE,ironshell gongwarden bundle!,,Tortoise,Ironshell Gongwarden Bundle!,鐵甲守衛套裝！,铁甲守卫套装！,アイアンシェル ゴングウォーデン バンドル！,철갑공워든 번들!,Ironshell Gongwarden-Pakke!,Ironshell Gongwarden-Bundel!,Pack De Gardien De Gong À Coquille De Fer !,Eisenschalen-Gongwarden-Bündel!,Pacchetto Ironshell Gongwarden!,Ironshell Gongwarden-Pakke!,Набор Гонгвардейцев Из Железной Раковины!,¡Paquete De Guardián Del Gong De Caparazón De Hierro!,Ironshell Gongwarden-Paket!,Demir Kabuklu Gong Muhafızı Paketi!,Pacote De Gongo Guardião De Casco De Ferro!
TORTOISEBUNDLE_CATCH_DESC,increase the raid power of your burst skills!,,Tortoise,Increase the raid power of your Burst skills!,提升爆發技能的團隊副本威力！,提升爆发技能的团队副本威力！,バーストスキルのレイドパワーを上げよう！,폭발적인 공격 스킬의 위력을 높이세요!,Øg Raidkraften I Dine Burst-Færdigheder!,Verhoog De Aanvalskracht Van Je Burst-Vaardigheden!,Augmentez La Puissance De Vos Compétences Explosives En Raid !,Verstärke Die Angriffskraft Deiner Burst-Fähigkeiten!,Aumenta La Potenza D'Attacco Delle Tue Abilità A Raffica!,Øk Raidkraften Til Burst-Ferdighetene Dine!,Увеличьте Мощь Своих Взрывных Навыков В Рейдах!,¡Aumenta El Poder De Ataque De Tus Habilidades De Ráfaga!,Öka Raidkraften I Dina Burst-Färdigheter!,Ani Saldırı Yeteneklerinizin Baskın Gücünü Artırın!,Aumente O Poder De Ataque Das Suas Habilidades De Explosão!
RAID_FORTUNECARD,fortune card,,,Fortune Card,幸運卡,幸运卡,占いカード,운세 카드,Lykkekort,Gelukskaart,Carte De Fortune,Wahrsagekarte,Carta Della Fortuna,Lykkekort,Карта Фортуны,Tarjeta De La Fortuna,Lyckokort,Şans Kartı,Carta Da Sorte
Weapon_IceCream,scoop n' shoot,,IceCream,Scoop N' Shoot,舀射,舀射,すくって撃つ,스쿱 앤 슛,Scoop Og Skyd,Scheppen En Schieten,Scoop N' Shoot,Schaufeln Und Schießen,Scoop N' Shoot,Øse Og Skyte,Зачерпнуть И Выстрелить,Recoger Y Disparar,Skopa Och Skjut,Kepçeyle Çek Ve At,Colher E Atirar
Hat_IceCream,the glacier golem visor,,IceCream,The Glacier Golem Visor,冰河魔像面罩,冰河魔像面罩,氷河ゴーレムのバイザー,빙하 골렘 바이저,Gletsjergolem-Visiret,Het Vizier Van De Gletsjergolem,La Visière Du Golem De Glacier,Das Gletschergolem-Visier,La Visiera Del Golem Del Ghiacciaio,Isbreen Golem Visir,Визор Ледникового Голема,La Visera Del Gólem Glaciar,Glaciärgolemvisiret,Buzul Golem Vizörü,A Viseira Do Golem Glaciar
Suit_IceCream,the glacier golem uniform,,IceCream,The Glacier Golem Uniform,冰河魔像製服,冰河魔像制服,氷河ゴーレムの制服,빙하 골렘 유니폼,Gletsjergolem-Uniformen,Het Gletsjergolem-Uniform,L'Uniforme Du Golem De Glacier,Die Gletschergolem-Uniform,L'Uniforme Del Golem Del Ghiacciaio,Isbre-Golemuniformen,Униформа Ледникового Голема,El Uniforme Del Gólem Glaciar,Glaciärgolemuniformen,Buzul Golemi Üniforması,Uniforme Do Golem Glacial
Aura_IceCream,you scream for ice cream,,IceCream,You Scream For Ice Cream,你尖叫著要冰淇淋,你尖叫着要冰淇淋,アイスクリームを求めて叫ぶ,아이스크림을 외쳐라,Du Skriger Efter Is,Je Schreeuwt Om Ijs,Tu Cries Pour De La Glace,Du Schreist Nach Eiscreme,Hai Voglia Di Gelato,Du Skriker Etter Iskrem,"Ты Кричишь, Требуя Мороженого",Gritas Por Helado,Du Skriker Efter Glass,Dondurma Için Çığlık Atıyorsun,Você Grita Por Sorvete
Slash_IceCream,sprinkles,,IceCream,Sprinkles,糖屑,糖屑,トッピング,스프링클,Krymmel,Hagelslag,Paillettes,Streusel,Coriandoli,Strøssel,Посыпка,Chispas,Strössel,Serpmeler,Granulado
EQUIPMENT_SET_IceCream,Frost Sorcerer,,,Scoop Cone-jurer,冰霜術士,冰霜术士,フロストソーサラー,서리 마법사,Frosttroldmand,Vorst Tovenaar,Sorcier De Givre,Frostzauberer,Stregone Del Gelo,Frosttrollmann,Ледяной Колдун,Hechicero De Hielo,Frosttrollkarl,Buz Büyücüsü,Feiticeiro De Gelo
EVENT_HELP_PANEL_TITLE_SPECIAL_THEMEPARK2026,Event Help,,,Event Help,活動幫助,活动帮助,イベントヘルプ,이벤트 도움말,Hjælp Til Begivenheder,Evenementhulp,Aide Aux Événements,Veranstaltungshilfe,Assistenza Per L'Evento,Hjelp Med Arrangementer,Справка По Событию,Ayuda Para Eventos,Hjälp Med Evenemanget,Etkinlik Yardımı,Ajuda Para Eventos
EVENT_HELP_PANEL_DESC_SPECIAL_THEMEPARK2026,performing any of these actions will reward you titan land tickets! make sure you collect as many as you can before the event ends to earn the most rewards!,,,Performing any of these actions will reward you Titan Land Tickets! Make sure you collect as many as you can before the event ends to earn the most rewards!,完成以上任何一項操作都將獲得泰坦之地門票！務必在活動結束前盡可能多地收集門票，以獲得最大獎勵！,完成以上任何一项操作都将获得泰坦之地门票！务必在活动结束前尽可能多地收集门票，以获得最大奖励！,これらのアクションのいずれかを実行すると、タイタンランドチケットがもらえます！イベント終了前にできるだけ多くのチケットを集めて、最高の報酬を獲得しましょう！,이러한 행동들을 수행하면 타이탄 랜드 티켓을 보상으로 받을 수 있습니다! 이벤트가 종료되기 전에 최대한 많은 티켓을 모아서 최대 보상을 획득하세요!,"Hvis du udfører en af ​​disse handlinger, belønnes du med billetter til Titan Land! Sørg for at samle så mange som muligt, inden begivenheden slutter, for at optjene flest mulige belønninger!","Door een van deze acties uit te voeren, verdien je Titan Land-tickets! Zorg ervoor dat je er zoveel mogelijk verzamelt voordat het evenement eindigt om de meeste beloningen te verdienen!",Chacune de ces actions vous permettra de gagner des tickets pour Titan Land ! Collectez-en un maximum avant la fin de l'événement pour obtenir un maximum de récompenses !,"Durch das Ausführen einer dieser Aktionen erhältst du Titanland-Tickets! Sammle so viele wie möglich, bevor das Event endet, um die meisten Belohnungen zu erhalten!",Eseguendo una qualsiasi di queste azioni riceverai in premio biglietti per Titan Land! Assicurati di raccoglierne il più possibile prima della fine dell'evento per ottenere le ricompense migliori!,"Hvis du utfører noen av disse handlingene, vil du få Titan Land-billetter! Sørg for at du samler så mange som mulig før arrangementet er over for å tjene flest mulig belønninger!","Выполнение любого из этих действий принесет вам билеты в Титановую страну! Постарайтесь собрать как можно больше билетов до окончания события, чтобы получить максимальную награду!",¡Realizar cualquiera de estas acciones te recompensará con boletos para Titan Land! ¡Asegúrate de conseguir tantos como puedas antes de que termine el evento para obtener las mejores recompensas!,Om du utför någon av dessa åtgärder belönas du med biljetter till Titan Land! Se till att du samlar så många som möjligt innan evenemanget är slut för att få flest belöningar!,Bu işlemlerden herhangi birini gerçekleştirmek size Titan Diyarı biletleri kazandıracak! En fazla ödülü kazanmak için etkinlik bitmeden önce olabildiğince çok bilet topladığınızdan emin olun!,Realizar qualquer uma dessas ações lhe dará ingressos para a Titan Land! Certifique-se de coletar o máximo possível antes do término do evento para ganhar o máximo de recompensas!
EVENT_HELP_PANEL_TOURNAMENT_TITLE_SPECIAL_THEMEPARK2026,Tournaments,,,Tournaments,錦標賽,锦标赛,トーナメント,토너먼트,Turneringer,Toernooien,Tournois,Turniere,Tornei,Turneringer,Турниры,Torneos,Turneringar,Turnuvalar,Torneios
EVENT_HELP_PANEL_TOURNAMENT_DESC_SPECIAL_THEMEPARK2026,"participate in tournaments to earn titan land tickets. the higher your ranking, the greater your reward!",,,"Participate in tournaments to earn Titan Land Tickets. The higher your ranking, the greater your reward!",參加錦標賽贏取泰坦之地門票。排名越高，獎勵越豐厚！,参加锦标赛赢取泰坦之地门票。排名越高，奖励越丰厚！,トーナメントに参加してタイタンランドチケットを獲得しよう。ランキングが高いほど、報酬も豪華になります！,토너먼트에 참가하여 타이탄 랜드 티켓을 획득하세요. 순위가 높을수록 보상도 커집니다!,"Deltag i turneringer for at optjene billetter til Titan Land. Jo højere din rangering er, desto større er din belønning!","Doe mee aan toernooien om Titan Land-tickets te verdienen. Hoe hoger je ranking, hoe groter je beloning!","Participez à des tournois pour gagner des tickets pour Titan Land. Plus votre classement est élevé, plus votre récompense est importante !","Nimm an Turnieren teil, um Titanland-Tickets zu verdienen. Je höher deine Platzierung, desto größer deine Belohnung!","Partecipa ai tornei per guadagnare biglietti per Titan Land. Più alto è il tuo piazzamento, maggiore sarà la ricompensa!","Delta i turneringer for å tjene billetter til Titan Land. Jo høyere rangering, desto større blir belønningen din!","Участвуйте в турнирах, чтобы заработать билеты в Титановую страну. Чем выше ваш рейтинг, тем больше награда!","¡Participa en torneos para ganar entradas para Titan Land! ¡Cuanto mayor sea tu clasificación, mayor será tu recompensa!","Delta i turneringar för att tjäna biljetter till Titan Land. Ju högre din ranking är, desto större blir din belöning.","Turnuvalara katılarak Titan Diyarı biletleri kazanın. Sıralamanız ne kadar yüksek olursa, ödülünüz de o kadar büyük olur!","Participe de torneios para ganhar ingressos para a Titan Land. Quanto maior sua classificação, maior sua recompensa!"
EVENT_HELP_PANEL_CHEST_TITLE_SPECIAL_THEMEPARK2026,Chests,,,Chests,寶箱,宝箱,宝箱,상자,Kister,Kisten,Coffres,Truhen,Casse,Kister,Грудь,Cofres,Kistor,Sandıklar,Baús
EVENT_HELP_PANEL_CHEST_DESC_SPECIAL_THEMEPARK2026,"on top of the already fantastic chest rewards, opening a chest will also grant you titan land tickets!",,,"On top of the already fantastic Chest rewards, opening a chest will also grant you Titan Land Tickets!",除了豐厚的寶箱獎勵外，打開寶箱還會獲得泰坦之地門票！,除了丰厚的宝箱奖励外，打开宝箱还会获得泰坦之地门票！,既に素晴らしい宝箱の報酬に加えて、宝箱を開けるとタイタンランドのチケットも手に入ります！,"이미 훌륭한 상자 보상 외에도, 상자를 열면 타이탄 랜드 티켓을 추가로 획득할 수 있습니다!","Udover de allerede fantastiske kistebelønninger, vil åbning af en kiste også give dig billetter til Titan Land!","Bovenop de toch al fantastische beloningen die je uit de kisten haalt, krijg je bij het openen van een kist ook nog eens tickets voor Titan Land!","En plus des récompenses déjà fantastiques des coffres, l'ouverture d'un coffre vous permettra également d'obtenir des tickets pour le territoire des titans !",Zusätzlich zu den ohnehin schon fantastischen Belohnungen aus den Truhen erhältst du beim Öffnen einer Truhe auch noch Titanland-Tickets!,"Oltre alle già fantastiche ricompense dei forzieri, aprendone uno otterrai anche i biglietti per la terra dei titani!","I tillegg til de allerede fantastiske kistebelønningene, vil åpning av en kiste også gi deg billetter til Titan Land!","В дополнение к и без того фантастическим наградам из сундуков, открытие сундука также принесет вам билеты в Титановую Землю!","Además de las fantásticas recompensas de los cofres, ¡abrir un cofre también te otorgará boletos para la Tierra de los Titanes!","Utöver de redan fantastiska belöningarna till kistor, ger du även biljetter till Titan Land om du öppnar en kista!","Zaten muhteşem olan sandık ödüllerine ek olarak, bir sandık açtığınızda Titan Diyarı biletleri de kazanacaksınız!","Além das recompensas fantásticas dos baús, abrir um baú também lhe dará bilhetes para a Terra dos Titãs!"
EVENT_HELP_PANEL_ATTACK_TITLE_SPECIAL_THEMEPARK2026,Raid Attacks,,,Raid Attacks,突襲,突袭,襲撃,레이드 공격,Raid-Angreb,Aanvallen,Attaques De Raid,Überfallangriffe,Attacchi Incursivi,Raid-Angrep,Рейдовые Атаки,Ataques De Incursión,Raidattacker,Baskın Saldırıları,Ataques De Incursão
EVENT_HELP_PANEL_ATTACK_DESC_SPECIAL_THEMEPARK2026,help your clan defeat the never ending onslaught of titan lords and collect some titan land tickets for your efforts! (up to a maximum of 10 times daily),,,Help your clan defeat the never ending onslaught of Titan Lords and collect some Titan Land Tickets for your efforts! (Up to a maximum of 10 times daily),幫助你的氏族擊退泰坦領主永無止境的進攻，並獲得泰坦領地門票作為獎勵！ （每天最多可獲得 10 次）,帮助你的氏族击退泰坦领主永无止境的进攻，并获得泰坦领地门票作为奖励！ （每天最多可获得 10 次）,クランを助けて、絶え間なく襲い来る巨神王を打ち破り、その努力の報酬として巨神領チケットを手に入れよう！（1日最大10回まで）,"클랜원들과 함께 끝없이 몰려오는 타이탄 군주들을 물리치고, 그 노력에 대한 보상으로 타이탄 랜드 티켓을 획득하세요! (하루 최대 10회 획득 가능)","Hjælp din klan med at besejre det uendelige angreb fra titanlorder, og saml billetter til Titan Land for din indsats! (op til maksimalt 10 gange dagligt)",Help je clan de eindeloze aanval van titanenheren te verslaan en verdien titanenlandtickets als beloning! (maximaal 10 keer per dag),Aidez votre clan à repousser les assauts incessants des seigneurs titans et gagnez des tickets de territoire titan en récompense de vos efforts ! (jusqu'à 10 fois par jour),"Hilf deinem Clan, den nie endenden Ansturm der Titanenlords zu besiegen und sammle für deine Mühen Titanenland-Tickets! (Bis zu maximal 10 Mal täglich)",Aiuta il tuo clan a sconfiggere l'incessante assalto dei signori dei titani e raccogli dei biglietti per le terre dei titani come ricompensa per i tuoi sforzi! (fino a un massimo di 10 volte al giorno),Hjelp klanen din med å beseire det uendelige angrepet fra titanherrer og samle noen Titan Land-billetter for innsatsen din! (opptil maksimalt 10 ganger daglig),Помогите своему клану отразить нескончаемый натиск титанов и получите за свои усилия билеты на земли титанов! (не более 10 раз в день),¡Ayuda a tu clan a derrotar la interminable horda de señores titanes y consigue boletos para la tierra de los titanes como recompensa! (Hasta un máximo de 10 veces al día),Hjälp din klan att besegra den oändliga anstormningen av titanlorder och samla biljetter till Titanland för dina ansträngningar! (upp till maximalt 10 gånger dagligen),Klanınızın bitmek bilmeyen titan lordlarının saldırısını yenmesine yardım edin ve çabalarınız karşılığında titan diyarı biletleri kazanın! (Günde en fazla 10 kez),Ajude seu clã a derrotar o ataque implacável dos senhores titãs e colete bilhetes para as terras dos titãs como recompensa! (até um máximo de 10 vezes por dia)
EVENT_HELP_PANEL_DIAMOND_FAIRY_TITLE_SPECIAL_THEMEPARK2026,Diamond Fairies,,,Diamond Fairies,鑽石仙子,钻石仙子,ダイヤモンドフェアリー,다이아몬드 페어리즈,Diamantfeer,Diamanten Feeën,Fées Des Diamants,Diamantenfeen,Fate Dei Diamanti,Diamantfeer,Алмазные Феи,Hadas De Diamante,Diamantfeer,Elmas Perileri,Fadas De Diamante
EVENT_HELP_PANEL_DIAMOND_FAIRY_DESC_SPECIAL_THEMEPARK2026,diamond fairies will give titan land tickets as well as diamonds!,,,Diamond Fairies will give Titan Land Tickets as well as diamonds!,鑽石仙子會贈送泰坦樂園門票以及鑽石！,钻石仙子会赠送泰坦乐园门票以及钻石！,ダイヤモンドの妖精は、タイタンランドのチケットとダイヤモンドをくれます！,다이아몬드 요정은 타이탄 랜드 티켓과 다이아몬드를 모두 줍니다!,Diamantfeer vil give Titan Land-billetter såvel som diamanter!,"Diamantenfeeën geven niet alleen diamanten, maar ook tickets voor Titan Land!",Les fées des diamants offriront des billets pour Titan Land ainsi que des diamants !,Diamantenfeen schenken euch sowohl Eintrittskarten für Titanland als auch Diamanten!,Le fate dei diamanti regaleranno biglietti per le terre dei titani e diamanti!,Diamantfeer vil gi Titan Land-billetter i tillegg til diamanter!,"Алмазные феи будут дарить не только алмазы, но и билеты в Титановую страну!","¡Las hadas de los diamantes también darán entradas para Titan Land, además de diamantes!",Diamantfeer ger både biljetter till Titanland och diamanter!,"Elmas perileri, elmasların yanı sıra Titan Diyarı biletleri de verecek!","As fadas de diamante darão ingressos para a Titan Land, além de diamantes!"
EVENT_HELP_PANEL_GLOBAL_RAID_TITLE_SPECIAL_THEMEPARK2026,global raid,,,Global Raid,全球突襲,全球突袭,グローバルレイド,글로벌 레이드,Globalt Angreb,Wereldwijde Aanval,Raid Mondial,Globaler Angriff,Raid Globale,Globalt Raid,Глобальный Рейд,Incursión Global,Global Räd,Küresel Baskın,Ataque Global
EVENT_HELP_PANEL_GLOBAL_RAID_DESC_SPECIAL_THEMEPARK2026,participate in the global raid to earn titan land tickets and earn additional global raid rewards!,,,Participate in the Global Raid to earn Titan Land Tickets and earn additional Global Raid rewards!,參與全球突襲，贏取泰坦之地門票，並獲得額外的全球突襲獎勵！,参与全球突袭，赢取泰坦之地门票，并获得额外的全球突袭奖励！,グローバルレイドに参加して、タイタンランドチケットを獲得し、さらにグローバルレイド報酬を手に入れよう！,글로벌 레이드에 참여하여 타이탄의 땅 티켓을 획득하고 추가 글로벌 레이드 보상을 받으세요!,Deltag i det globale raid for at optjene titanland-billetter og optjene yderligere globale raid-belønninger!,Neem deel aan de wereldwijde raid om Titan Land-tickets te verdienen en extra beloningen voor de wereldwijde raid te ontvangen!,Participez au raid mondial pour gagner des tickets pour les terres des titans et obtenir des récompenses supplémentaires pour le raid mondial !,"Nimm am globalen Raid teil, um Titanland-Tickets und zusätzliche Belohnungen aus dem globalen Raid zu erhalten!",Partecipa al raid globale per ottenere biglietti per le terre dei titani e ulteriori ricompense del raid globale!,Delta i det globale raidet for å tjene Titan Land-billetter og få ytterligere globale raid-belønninger!,"Примите участие в глобальном рейде, чтобы заработать билеты в Титановую страну и получить дополнительные награды за участие в глобальном рейде!",¡Participa en la incursión global para ganar boletos de la tierra de los titanes y obtener recompensas adicionales de la incursión global!,Delta i den globala raiden för att tjäna biljetter till Titan Land och få ytterligare globala raidbelöningar!,Küresel baskına katılarak titan diyarı biletleri ve ek küresel baskın ödülleri kazanın!,Participe da incursão global para ganhar ingressos para a área dos Titãs e obter recompensas adicionais da incursão global!
EVENT_HELP_PANEL_DAILY_REWARD_TITLE_SPECIAL_THEMEPARK2026,Daily Rewards,,,Daily Rewards,每日獎勵,每日奖励,デイリー報酬,일일 보상,Daglige Belønninger,Dagelijkse Beloningen,Récompenses Quotidiennes,Tägliche Belohnungen,Premi Giornalieri,Daglige Belønninger,Ежедневные Награды,Recompensas Diarias,Dagliga Belöningar,Günlük Ödüller,Recompensas Diárias
EVENT_HELP_PANEL_DAILY_REWARD_DESC_SPECIAL_THEMEPARK2026,come back every day to collect your daily reward and titan land tickets!,,,Come back every day to collect your Daily Reward and Titan Land Tickets!,每天回來領取您的每日獎勵和泰坦之地門票！,每天回来领取您的每日奖励和泰坦之地门票！,毎日戻ってきて、デイリー報酬とタイタンランドチケットを受け取りましょう！,매일 접속해서 일일 보상과 타이탄 랜드 티켓을 받아가세요!,Kom tilbage hver dag for at hente din daglige belønning og Titan Land-billetter!,Kom elke dag terug om je dagelijkse beloning en Titan Land-tickets op te halen!,Revenez chaque jour pour récupérer votre récompense quotidienne et vos tickets pour Titan Land !,"Komm jeden Tag wieder, um deine Tagesbelohnung und Titanland-Tickets abzuholen!",Torna ogni giorno per ritirare la tua ricompensa giornaliera e i biglietti per Titan Land!,Kom tilbake hver dag for å hente din daglige belønning og Titan Land-billetter!,"Возвращайтесь каждый день, чтобы получить свою ежедневную награду и билеты в Титановую страну!",¡Vuelve cada día para recoger tu recompensa diaria y tus entradas para la Tierra de los Titanes!,Kom tillbaka varje dag för att hämta din dagliga belöning och biljetter till Titan Land!,Günlük ödülünüzü ve Titan Diyarı biletlerinizi almak için her gün geri gelin!,Volte todos os dias para coletar sua recompensa diária e seus ingressos para a Titan Land!
EVENT_HELP_PANEL_DAILY_ACHIEVEMENT_TITLE_SPECIAL_THEMEPARK2026,Daily Achievements,,,Daily Achievements,每日成就,每日成就,日々の達成,일일 성과,Daglige Præstationer,Dagelijkse Prestaties,Réalisations Quotidiennes,Tägliche Erfolge,Risultati Giornalieri,Daglige Prestasjoner,Ежедневные Достижения,Logros Diarios,Dagliga Prestationer,Günlük Başarılar,Conquistas Diárias
EVENT_HELP_PANEL_DAILY_ACHIEVEMENT_DESC_SPECIAL_THEMEPARK2026,completing your daily achievements will also nab you some titan land tickets!,,,Completing your Daily Achievements will also nab you some Titan Land Tickets!,完成每日成就還能獲得一些泰坦之地門票！,完成每日成就还能获得一些泰坦之地门票！,毎日の目標を達成すると、タイタンランドのチケットも手に入ります！,일일 업적을 완료하면 타이탄 랜드 티켓도 획득할 수 있습니다!,"Hvis du gennemfører dine daglige præstationer, får du også billetter til Titan Land!","Door je dagelijkse taken te voltooien, verdien je ook tickets voor Titan Land!",Accomplir vos objectifs quotidiens vous permettra également de gagner des tickets pour Titan Land !,"Wenn du deine täglichen Aufgaben erledigst, erhältst du außerdem einige Titanland-Tickets!",Completando gli obiettivi giornalieri otterrai anche dei biglietti per Titan Land!,"Hvis du fullfører dine daglige prestasjoner, får du også noen billetter til Titan Land!",Выполнение ежедневных заданий также принесет вам билеты в Титановую страну!,¡Completar tus logros diarios también te permitirá conseguir entradas para Titan Land!,Om du slutför dina dagliga prestationer får du också några biljetter till Titan Land!,Günlük başarılarınızı tamamlamak size ayrıca Titan Diyarı biletleri de kazandıracak!,Completar suas conquistas diárias também lhe dará alguns ingressos para a Titan Land!
EVENT_HELP_PANEL_PRESTIGE_TITLE_SPECIAL_THEMEPARK2026,Prestige Rewards!,,,Prestige Rewards!,聲望獎勵！,声望奖励！,プレステージ報酬！,프레스티지 리워드!,Prestige-Belønninger!,Prestige-Beloningen!,Récompenses Prestige !,Prestige-Belohnungen!,Premi Prestigio!,Prestisjebelønninger!,Престижные Награды!,¡Recompensas De Prestigio!,Prestigebelöningar!,Prestij Ödülleri!,Recompensas De Prestígio!
EVENT_HELP_PANEL_PRESTIGE_DESC_SPECIAL_THEMEPARK2026,you will get some titan land tickets when you prestige above 90% of the difference between your max stage and your return stage! (up to a maximum of {0} times daily),,,You will get some Titan Land Tickets when you prestige above 90% of the difference between your Max Stage and your Return Stage! (Up to a maximum of {0} times daily),當你的聲望等級達到最高等級與回歸等級差值的90%以上時，你將獲得一些泰坦之地門票！ （每天最多可獲得{0}次）,当你的声望等级达到最高等级与回归等级差值的90%以上时，你将获得一些泰坦之地门票！ （每天最多可获得{0}次）,最大ステージと復帰ステージの差の90%以上をプレステージすると、タイタンランドチケットがもらえます！（1日最大{0}回まで）,최대 스테이지와 복귀 스테이지 차이의 90% 이상을 프레스티지하면 타이탄 랜드 티켓을 획득할 수 있습니다! (하루 최대 {0}회),"Du får Titan Land-billetter, når du når en prestige på over 90% af forskellen mellem dit maksimale niveau og dit returniveau! (op til maksimalt {0} gange dagligt)",Je ontvangt Titan Land-tickets wanneer je meer dan 90% van het verschil tussen je maximale level en je terugkeerlevel prestigeert! (tot een maximum van {0} keer per dag),Vous recevrez des tickets pour Titan Land lorsque vous atteindrez un prestige supérieur à 90 % de la différence entre votre niveau maximum et votre niveau de retour ! (jusqu'à un maximum de {0} fois par jour),"Du erhältst einige Titanland-Tickets, wenn du mehr als 90 % der Differenz zwischen deiner maximalen Stufe und deiner Rückkehrstufe erreichst! (maximal {0} Mal täglich)",Riceverai dei biglietti per Titan Land quando effettuerai un prestigio superiore al 90% della differenza tra il tuo livello massimo e il tuo livello di ritorno! (fino a un massimo di {0} volte al giorno),Du får noen titanland-billetter når du prestiger over 90 % av forskjellen mellom maksnivået ditt og returnivået ditt! (opptil maksimalt {0} ganger daglig),"Вы получите несколько билетов в Титановую Землю, если ваш уровень престижа превысит 90% разницы между максимальным уровнем и уровнем возвращения! (максимум {0} раз в день)",¡Recibirás boletos para Titan Land cuando alcances un prestigio superior al 90% de la diferencia entre tu etapa máxima y tu etapa de regreso! (hasta un máximo de {0} veces al día),Du får biljetter till Titan Land när du prestigefyller över 90 % av skillnaden mellan din maxnivå och din returnivå! (upp till maximalt {0} gånger dagligen),Maksimum seviyeniz ile geri dönüş seviyeniz arasındaki farkın %90'ından fazlasına ulaştığınızda bazı Titan Diyarı biletleri kazanacaksınız! (Günlük en fazla {0} kez),Você receberá alguns bilhetes para a Terra dos Titãs quando seu prestígio ultrapassar 90% da diferença entre seu estágio máximo e seu estágio de retorno! (até um máximo de {0} vezes por dia)
EVENT_HELP_PANEL_CHALLENGE_TOURNAMENT_TITLE_SPECIAL_THEMEPARK2026,Abyssal Tournaments,,,Abyssal Tournaments,深淵錦標賽,深渊锦标赛,深淵トーナメント,심연 토너먼트,Abyssal-Turneringer,Abyssale Toernooien,Tournois Abyssaux,Abgrundturniere,Tornei Abissali,Abyssal-Turneringer,Турниры Бездны,Torneos Abisales,Abyssal-Turneringar,Derinlik Turnuvaları,Torneios Abissais
EVENT_HELP_PANEL_CHALLENGE_TOURNAMENT_DESC_SPECIAL_THEMEPARK2026,fight in abyssal tournaments and be rewarded with titan land tickets!,,,Fight in Abyssal Tournaments and be rewarded with Titan Land Tickets!,參加深淵錦標賽，贏取泰坦之地門票！,参加深渊锦标赛，赢取泰坦之地门票！,深淵トーナメントで戦い、タイタンランドチケットを獲得しよう！,심연 토너먼트에서 싸워 타이탄 랜드 티켓을 보상으로 받으세요!,Kæmp i Abyssal-turneringer og bliv belønnet med Titan Land-billetter!,Vecht mee in toernooien in de afgrond en word beloond met tickets voor Titan Land!,Combattez dans des tournois abyssaux et gagnez des tickets pour le royaume des titans !,Kämpfe in Abgrundturnieren und sichere dir Titanenland-Tickets!,Combatti nei tornei abissali e ricevi in ​​premio biglietti per le terre dei titani!,Kjemp i Abyssal-turneringer og bli belønnet med Titan Land-billetter!,Примите участие в турнирах в бездне и получите в награду билеты в страну титанов!,¡Lucha en torneos abisales y obtén como recompensa entradas para la tierra de los titanes!,Kämpa i Abyssal-turneringar och belönas med Titan Land-biljetter!,Derin deniz turnuvalarında savaşın ve Titan Diyarı biletleriyle ödülllendirin!,Lute em torneios abissais e ganhe ingressos para a Terra dos Titãs!
EVENT_HELP_PANEL_ALCHEMY_TITLE_SPECIAL_THEMEPARK2026,alchemy recipes,,,Alchemy Recipes,煉金術配方,炼金术配方,錬金術のレシピ,연금술 레시피,Alkymiopskrifter,Alchemie Recepten,Recettes D'Alchimie,Alchemie-Rezepte,Ricette Alchemiche,Alkymioppskrifter,Алхимические Рецепты,Recetas De Alquimia,Alkemi Recept,Simya Tarifleri,Receitas De Alquimia
EVENT_HELP_PANEL_ALCHEMY_DESC_SPECIAL_THEMEPARK2026,combine ingredients in the alchemy lab.  some recipes will create large amounts of titan land tickets!,,,Combine ingredients in the Alchemy Lab.  Some recipes will create large amounts of Titan Land Tickets!,在煉金實驗室中合成各種材料。有些配方可以製作大量的泰坦之地門票！,在炼金实验室中合成各种材料。有些配方可以制作大量的泰坦之地门票！,錬金術ラボで材料を組み合わせましょう。レシピによっては、大量のタイタンランドチケットが生成されます！,연금술 실험실에서 재료를 조합하세요. 일부 레시피는 대량의 타이탄 랜드 티켓을 만들어냅니다!,Kombiner ingredienserne i alkymilaboratoriet. Nogle opskrifter vil skabe store mængder Titan Land-billetter!,Combineer ingrediënten in het alchemielab. Sommige recepten leveren grote hoeveelheden Titan Land-tickets op!,Combinez les ingrédients dans le laboratoire d'alchimie. Certaines recettes permettent de créer de grandes quantités de tickets pour Titan Land !,Kombiniere die Zutaten im Alchemielabor. Manche Rezepte ergeben große Mengen an Titanland-Tickets!,Unisci gli ingredienti nel laboratorio di alchimia. Alcune ricette genereranno grandi quantità di biglietti per le terre dei titani!,Kombiner ingrediensene i alkymilaboratoriet. Noen oppskrifter vil lage store mengder Titan Land-billetter!,Смешивайте ингредиенты в алхимической лаборатории. Некоторые рецепты позволят получить большое количество билетов в Титановую Землю!,Combina los ingredientes en el laboratorio de alquimia. ¡Algunas recetas generarán grandes cantidades de boletos para Titan Land!,Kombinera ingredienser i alkemilaboratoriet. Vissa recept kommer att skapa stora mängder biljetter till Titanland!,Simya laboratuvarında malzemeleri birleştirin. Bazı tarifler büyük miktarda Titan Diyarı bileti üretecektir!,Combine os ingredientes no laboratório de alquimia. Algumas receitas criarão grandes quantidades de ingressos para a Terra dos Titãs!
EVENT_PANEL_TITLE_SPECIAL_THEMEPARK2026,titan land 2026,,,Titan Land 2026,泰坦之地 2026,泰坦之地 2026,タイタンランド2026,타이탄랜드 2026,Titanland 2026,Titan Land 2026,Titan Land 2026,Titanland 2026,terra dei titani 2026,Titanland 2026,Земля титанов 2026,Tierra de titanes 2026,Titanland 2026,Titan diyarı 2026,terra titã 2026
EVENT_PANEL_DESC_SPECIAL_THEMEPARK2026,"collect titan land tickets and earn rewards by participating in tournaments, collecting fairies, and more! collect titan land tickets with your clan for a special reward!",,,"Collect Titan Land Tickets and earn rewards by participating in tournaments, collecting fairies, and more! Collect Titan Land Tickets with your clan for a special reward!",收集泰坦之地門票，參加錦標賽、收集仙子等等，贏取獎勵！與你的部落一起收集泰坦之地門票，贏取特殊獎勵！,收集泰坦之地门票，参加锦标赛、收集仙子等等，赢取奖励！与你的部落一起收集泰坦之地门票，赢取特殊奖励！,タイタンランドチケットを集めて、トーナメントに参加したり、妖精を集めたりして報酬を獲得しよう！クランと一緒にタイタンランドチケットを集めて特別な報酬を手に入れよう！,타이탄 랜드 티켓을 모으고 토너먼트에 참가하거나 요정을 수집하는 등 다양한 활동을 통해 보상을 획득하세요! 클랜과 함께 타이탄 랜드 티켓을 모으면 특별한 보상을 받을 수 있습니다!,"Saml Titan Land-billetter og optjen belønninger ved at deltage i turneringer, samle feer og meget mere! Saml Titan Land-billetter med din klan for at få en særlig belønning!","Verzamel Titan Land-tickets en verdien beloningen door deel te nemen aan toernooien, feeën te verzamelen en meer! Verzamel Titan Land-tickets met je clan voor een speciale beloning!","Collectionnez des tickets pour le royaume des titans et gagnez des récompenses en participant à des tournois, en collectionnant des fées et bien plus encore ! Collectionnez des tickets pour le royaume des titans avec votre clan pour obtenir une récompense spéciale !","Sammle Titanland-Tickets und sichere dir Belohnungen, indem du an Turnieren teilnimmst, Feen sammelst und vieles mehr! Sammle Titanland-Tickets mit deinem Clan, um eine besondere Belohnung zu erhalten!","Colleziona i biglietti per la terra dei titani e ottieni ricompense partecipando ai tornei, collezionando fate e molto altro! Colleziona i biglietti per la terra dei titani con il tuo clan per ottenere una ricompensa speciale!","Samle Titan Land-billetter og tjen belønninger ved å delta i turneringer, samle feer og mer! Samle Titan Land-billetter med klanen din for en spesiell belønning!","Собирайте билеты в Страну Титанов и получайте награды, участвуя в турнирах, собирая фей и многое другое! Собирайте билеты в Страну Титанов вместе со своим кланом, чтобы получить особую награду!","¡Consigue boletos de la Tierra de los Titanes y gana recompensas participando en torneos, coleccionando hadas y mucho más! ¡Consigue boletos de la Tierra de los Titanes con tu clan para obtener una recompensa especial!","Samla Titan Land-biljetter och tjäna belöningar genom att delta i turneringar, samla älvor och mer! Samla Titan Land-biljetter med din klan för en speciell belöning!","Turnuvalara katılarak, periler toplayarak ve daha fazlasını yaparak Titan Diyarı biletleri toplayın ve ödüller kazanın! Klanınızla birlikte Titan Diyarı biletleri toplayarak özel bir ödül kazanın!","Colecione bilhetes da Titan Land e ganhe recompensas participando de torneios, coletando fadas e muito mais! Colecione bilhetes da Titan Land com seu clã para obter uma recompensa especial!"
CLAN_HOLIDAY_REWARD_PROFILE_BG_DESC_SPECIAL_THEMEPARK2026,collect enough titan land tickets along with your clan mates to have amazing rewards sent to your inbox at the end of the event!,,,Collect enough Titan Land Tickets along with your clan mates to have amazing rewards sent to your inbox at the end of the event!,和你的部落成員一起收集足夠的泰坦之地門票，活動結束後即可獲得發送到你郵箱的豐厚獎勵！,和你的部落成员一起收集足够的泰坦之地门票，活动结束后即可获得发送到你邮箱的丰厚奖励！,クランメンバーと一緒に十分な数のタイタンランドチケットを集めて、イベント終了時に素晴らしい報酬をメールで受け取りましょう！,클랜원들과 함께 타이탄 랜드 티켓을 충분히 모으면 이벤트 종료 시 놀라운 보상을 우편함으로 받을 수 있습니다!,Saml nok Titan Land-billetter sammen med dine klankammerater for at få fantastiske belønninger sendt til din indbakke i slutningen af ​​begivenheden!,Verzamel samen met je clanleden genoeg Titan Land-tickets om aan het einde van het evenement fantastische beloningen in je inbox te ontvangen!,Collectez suffisamment de tickets Titan Land avec les membres de votre clan pour recevoir des récompenses exceptionnelles dans votre boîte mail à la fin de l'événement !,"Sammelt zusammen mit euren Clanmitgliedern genügend Titanland-Tickets, um am Ende des Events fantastische Belohnungen per E-Mail zu erhalten!",Raccogli un numero sufficiente di biglietti per le terre dei titani insieme ai tuoi compagni di clan per ricevere fantastiche ricompense nella tua casella di posta al termine dell'evento!,Samle nok Titan Land-billetter sammen med klankameratene dine for å få fantastiske belønninger sendt til innboksen din på slutten av arrangementet!,"Соберите достаточно билетов в Титановую Землю вместе со своими соклановцами, чтобы по окончании события получить потрясающие награды на свой электронный адрес!",¡Consigue suficientes entradas para Titan Land junto con tus compañeros de clan para recibir recompensas increíbles en tu bandeja de entrada al final del evento!,Samla tillräckligt många Titan Land-biljetter tillsammans med dina klankamrater för att få fantastiska belöningar skickade till din inkorg i slutet av evenemanget!,Klan arkadaşlarınızla birlikte yeterli sayıda Titan Diyarı bileti toplayın ve etkinlik sonunda e-posta kutunuza muhteşem ödüller gönderilsin!,Colecione ingressos suficientes para a Titan Land junto com seus companheiros de clã para receber recompensas incríveis em sua caixa de entrada ao final do evento!
HOLIDAY_CURRENCY_NAME_THEMEPARK2026,titan land tickets,,THEMEPARK2026,Titan Land Tickets,泰坦陸地門票,泰坦陆地门票,タイタンランドのチケット,타이탄 랜드 티켓,Titan Land-billetter,Titan Land tickets,Billets pour Titan Land,Titanland-Tickets,biglietti per Titan Land,Titan Land-billetter,билеты в Titan Land,entradas para Titan Land,Titan Land-biljetter,Titan diyarı biletleri,ingressos Titan Land
HOLIDAY_CURRENCY_NAME,titan land tickets,,,Titan Land Tickets,泰坦陸地門票,泰坦陆地门票,タイタンランドのチケット,타이탄 랜드 티켓,Titan Land-billetter,Titan Land tickets,Billets pour Titan Land,Titanland-Tickets,biglietti per Titan Land,Titan Land-billetter,билеты в Titan Land,entradas para Titan Land,Titan Land-biljetter,Titan diyarı biletleri,ingressos Titan Land
SHOP_AnniversaryMinigameCurrency,anniversary points,,,Anniversary Points,週年紀念點,周年纪念点,アニバーサリーポイント,기념일 포인트,Jubilæumspoint,Jubileumpunten,Points D'Anniversaire,Jahrestagspunkte,Punto Anniversario,Jubileumspoeng,Юбилейные Баллы,Puntos De Aniversario,Jubileumspoäng,Yıldönümü Puanları,Pontos De Aniversário
MINIGAME_TITLE_ClanVault,clan vault,,,Clan Vault,氏族金庫,氏族金库,クランの保管庫,클랜 금고,Klanhvælving,Clankluis,Coffre Du Clan,Clan-Tresor,Cripta Del Clan,Klanhvelv,Хранилище Клана,Bóveda Del Clan,Klanvalv,Klan Kasası,Cofre Do Clã
MINIGAME_DESC_ClanVault,prestige to earn orbs for your clan and claim tons of alchemy ingredients!,,,Prestige to earn Orbs for your clan and claim tons of Alchemy Ingredients!,提升聲望，為你的氏族贏得寶珠，並獲得大量的煉金材料！,提升声望，为你的氏族赢得宝珠，并获得大量的炼金材料！,名声を上げてクランのためにオーブを獲得し、大量の錬金術材料を手に入れよう！,클랜을 위해 명예를 쌓고 오브를 획득하여 수많은 연금술 재료를 얻으세요!,Prestige For At Optjene Kugler Til Din Klan Og Gøre Krav På Tonsvis Af Alkymiingredienser!,Verdien Prestige Om Orbs Voor Je Clan Te Krijgen En Een Schat Aan Alchemie-Ingrediënten Te Bemachtigen!,Du Prestige Pour Gagner Des Orbes Pour Votre Clan Et Obtenir Des Tonnes D'Ingrédients D'Alchimie !,"Sammle Prestige, Um Kugeln Für Deinen Clan Zu Verdienen Und Dir Jede Menge Alchemiezutaten Zu Sichern!",Ottieni Prestigio Per Guadagnare Sfere Per Il Tuo Clan E Riscattare Tantissimi Ingredienti Alchemici!,Prestisje For Å Tjene Kuler Til Klanen Din Og Kreve Tonnevis Av Alkymiingredienser!,"Повышайте Престиж, Чтобы Зарабатывать Сферы Для Своего Клана И Получать Множество Алхимических Ингредиентов!",¡Consigue Prestigio Para Ganar Orbes Para Tu Clan Y Reclama Montones De Ingredientes De Alquimia!,Prestige För Att Tjäna Klot Åt ​​Din Klan Och Göra Anspråk På Massor Av Alkemiingredienser!,Klanınız Için Küreler Kazanmak Ve Bol Miktarda Simya Malzemesi Elde Etmek Için Prestij Kazanın!,Aumente Seu Prestígio Para Ganhar Orbes Para O Seu Clã E Coletar Toneladas De Ingredientes De Alquimia!
MINIGAME_PREVIEW_MESSAGE_ClanVault,"Darn it's locked...
Anyone have a key?",,,"Darn it's locked...
Anyone have a key?","糟糕，門鎖上了

有人有鑰匙嗎？","糟糕，门锁上了

有人有钥匙吗？",しまった、鍵がかかってる...誰か鍵持ってない？,"젠장, 잠겨 있네...
혹시 열쇠 있는 사람 없나요?","Pokkers, den er låst...
Har nogen en nøgle?","Verdorie, de deur is op slot...
Heeft iemand een sleutel?","Zut, c'est fermé à clé...

Quelqu'un aurait la clé ?","Mist, es ist verschlossen... Hat jemand einen Schlüssel?","Accidenti, è chiuso a chiave...
Qualcuno ha una chiave?","Søren, den er låst ...
Har noen en nøkkel?","Черт, он заперт...
У кого-нибудь есть ключ?","¡Maldita sea, está cerrado! ¿Alguien tiene la llave?","Jäklar, den är låst...
Har någon en nyckel?","Lanet olsun, kilitliymiş...
Anahtarı olan var mı?","Puxa, está trancado...
Alguém tem a chave?"
MINIGAME_TAB_0_ClanVault,vault,,,Vault,金庫,金库,金庫,둥근 천장,Hvælving,Kluis,Sauter,Gewölbe,Volta,Hvelv,Сейф,Bóveda,Valv,Kasa,Cofre
MINIGAME_TAB_1_ClanVault,leaderboard,,,Leaderboard,排行榜,排行榜,リーダー,순위표,Rangliste,Ranglijst,Classement,Rangliste,Classifica,Ledertavle,Таблица Лидеров,Tabla De Clasificación,Topplista,Liderlik Tablosu,Tabela De Classificação
MINIGAME_ClanVault_CLOSED_MESSAGE,The event has ended. Make sure to claim your rewards!,,,The event has ended. Make sure to claim your rewards!,活動已結束，請記得領取獎勵！,活动已结束，请记得领取奖励！,イベントは終了しました。報酬をお忘れなく！,이벤트가 종료되었습니다. 보상을 꼭 받아가세요!,Begivenheden er slut. Sørg for at gøre krav på dine belønninger!,Het evenement is afgelopen. Vergeet niet je beloningen op te halen!,L'événement est terminé. N'oubliez pas de réclamer vos récompenses !,"Die Veranstaltung ist beendet. Vergiss nicht, deine Belohnungen abzuholen!",L'evento è terminato. Assicurati di riscattare i tuoi premi!,Arrangementet er avsluttet. Sørg for å kreve inn belønningene dine!,Мероприятие завершилось. Не забудьте забрать свои награды!,El evento ha finalizado. ¡No olvides reclamar tus premios!,Evenemanget är avslutat. Se till att hämta ut dina belöningar!,Etkinlik sona erdi. Ödüllerinizi almayı unutmayın!,O evento terminou. Não se esqueça de resgatar suas recompensas!
MINIGAME_ClanVault_ERROR_MinigameNoSoloProgressionRewardException,"No rewards are available to be collected, your progress may be out of sync or you are not in the clan you started the event with.",,,"No rewards are available to be collected, your progress may be out of sync or you are not in the clan you started the event with.",目前沒有可領取的獎勵，您的進度可能不同步，或者您不在開始活動時所在的氏族中。,目前没有可领取的奖励，您的进度可能不同步，或者您不在开始活动时所在的氏族中。,報酬を受け取ることができません。進行状況が同期されていないか、イベント開始時に所属していたクランに所属していない可能性があります。,획득할 보상이 없습니다. 진행 상황이 동기화되지 않았거나 이벤트 시작 시 소속되어 있던 클랜에 속해 있지 않을 수 있습니다.,"Der kan ikke indsamles nogen belønninger, dine fremskridt er muligvis ikke synkroniserede, eller du er ikke i den klan, du startede begivenheden med.","Er zijn geen beloningen te verzamelen, je voortgang is mogelijk niet gesynchroniseerd of je maakt geen deel meer uit van de clan waarmee je het evenement bent begonnen.","Aucune récompense n'est disponible pour le moment, votre progression est peut-être désynchronisée ou vous n'appartenez pas au clan avec lequel vous avez commencé l'événement.","Es sind keine Belohnungen zum Abholen verfügbar, Ihr Fortschritt ist möglicherweise nicht synchron oder Sie gehören nicht mehr dem Clan an, mit dem Sie das Event begonnen haben.","Non è possibile riscattare alcuna ricompensa, i tuoi progressi potrebbero non essere sincronizzati oppure potresti non appartenere più al clan con cui hai iniziato l'evento.","Ingen belønninger er tilgjengelige for innsamling, fremgangen din kan være usynkronisert, eller du er ikke i klanen du startet arrangementet med.","Награды получить невозможно, ваш прогресс может быть рассинхронизирован или вы не состоите в том клане, с которым начали событие.","No hay recompensas disponibles para recoger, tu progreso puede estar desincronizado o no perteneces al clan con el que iniciaste el evento.","Inga belöningar finns att hämta, dina framsteg kan vara osynkroniserade eller så är du inte med i klanen du startade evenemanget med.","Hiçbir ödül toplanamıyor, ilerlemeniz senkronize olmayabilir veya etkinliğe başladığınız klanda değilsiniz.","Não há recompensas disponíveis para serem coletadas, seu progresso pode estar dessincronizado ou você não pertence mais ao clã com o qual iniciou o evento."
LOCALIZATION_DOWNLOAD_FAILED,Downloading localization failed! Please check your internet connection and try again.,,,Downloading localization failed! Please check your internet connection and try again.,本地化檔案下載失敗！請檢查您的網路連線並重試。,本地化档案下载失败！请检查您的网路连线并重试。,ローカライズ版のダウンロードに失敗しました！インターネット接続を確認して、もう一度お試しください。,현지화 파일 다운로드에 실패했습니다! 인터넷 연결 상태를 확인하고 다시 시도해 주세요.,"Download af lokalisering mislykkedes! Tjek din internetforbindelse, og prøv igen.",Het downloaden van de lokalisatie is mislukt! Controleer uw internetverbinding en probeer het opnieuw.,Le téléchargement de la localisation a échoué ! Veuillez vérifier votre connexion Internet et réessayer.,Das Herunterladen der Lokalisierung ist fehlgeschlagen! Bitte überprüfen Sie Ihre Internetverbindung und versuchen Sie es erneut.,Download della localizzazione non riuscito! Verifica la tua connessione a Internet e riprova.,Nedlasting av lokalisering mislyktes! Sjekk internettforbindelsen din og prøv på nytt.,"Загрузка локализации не удалась! Пожалуйста, проверьте подключение к интернету и повторите попытку.",¡Error al descargar la localización! Compruebe su conexión a internet e inténtelo de nuevo.,Nedladdning av lokalisering misslyckades! Kontrollera din internetanslutning och försök igen.,Yerelleştirme indirme işlemi başarısız oldu! Lütfen internet bağlantınızı kontrol edin ve tekrar deneyin.,O download da localização falhou! Verifique sua conexão com a internet e tente novamente.
MINIGAME_CLAN_VAULT_UNCOLLECTED_TITLE,the clan vault event is complete!,,,The Clan Vault Event is complete!,氏族寶庫活動結束！,氏族宝库活动结束！,クラン保管庫イベントが終了しました！,클랜 금고 이벤트가 완료되었습니다!,Klanhvelv-begivenheden er færdig!,Het clankluis-evenement is voltooid!,L'événement du coffre-fort du clan est terminé !,Das Clan-Tresor-Event ist abgeschlossen!,L'evento del forziere del clan è terminato!,Klanhvelv-arrangementet er fullført!,Событие «Хранилище клана» завершилось!,¡El evento de la bóveda del clan ha finalizado!,Klanvalvsevenemanget är avklarat!,Klan kasası etkinliği tamamlandı!,O evento do cofre do clã foi concluído!
MINIGAME_CLAN_VAULT_UNCOLLECTED_DESCRIPTION,"thank you for participating in the clan vault event! the event has now been concluded.
here are your uncollected rewards.",,,"Thank you for participating in the Clan Vault Event! The event has now been concluded.
Here are your uncollected rewards.","感謝您參與氏族寶庫活動！活動現已結束。

以下是您尚未領取的獎勵。","感谢您参与氏族宝库活动！活动现已结束。

以下是您尚未领取的奖励。","クラン保管庫イベントにご参加いただきありがとうございました！イベントは終了いたしました。

未受領の報酬はこちらです。","클랜 금고 이벤트에 참여해주셔서 감사합니다! 이벤트가 종료되었습니다.
미수령 보상은 다음과 같습니다.","Tak for din deltagelse i klanhvælvingsbegivenheden! Begivenheden er nu afsluttet.
Her er dine uafhentede belønninger.","Bedankt voor je deelname aan het clankluis-evenement! Het evenement is nu afgelopen.
Hier zijn je nog niet opgehaalde beloningen.","Merci d'avoir participé à l'événement du coffre du clan ! L'événement est maintenant terminé.

Voici vos récompenses non récupérées.","Vielen Dank für eure Teilnahme am Clan-Tresor-Event! Das Event ist nun beendet.
Hier sind eure noch nicht abgeholten Belohnungen.","Grazie per aver partecipato all'evento del forziere del clan! L'evento si è concluso.
Ecco le tue ricompense non ancora riscosse.","Takk for at du deltok i klanhvelv-arrangementet! Arrangementet er nå avsluttet.
Her er dine uavhentede belønninger.","Спасибо за участие в событии «Хранилище клана»! Событие завершено.
Вот ваши неполученные награды.","¡Gracias por participar en el evento de la bóveda del clan! El evento ha finalizado.
Aquí están tus recompensas pendientes.","Tack för att du deltog i klanvalvet! Evenemanget är nu avslutat.
Här är dina oupphämtade belöningar.","Klan kasası etkinliğine katıldığınız için teşekkür ederiz! Etkinlik sona ermiştir.
İşte henüz almadığınız ödülleriniz.","Obrigado por participar do evento do cofre do clã! O evento já foi concluído.
Aqui estão suas recompensas não coletadas."
MINIGAME_CURRENCY_ClanVault,orbs,,,Orbs,球體,球体,球体,구체,Kugler,Bollen,Orbes,Kugeln,Sfere,Kuler,Шары,Orbes,Klot,Küreler,Orbes
PRESTIGE_REWARD_INFO_DESC_ClanVault,prestige to earn orbs for your clan and claim the rewards inside the clan vault!,,,Prestige to earn Orbs for your clan and claim the rewards inside the Clan Vault!,提升聲望，為你的氏族贏得寶珠，並在氏族寶庫中領取獎勵！,提升声望，为你的氏族赢得宝珠，并在氏族宝库中领取奖励！,名声を高めてクランのためにオーブを獲得し、クラン保管庫内の報酬を受け取りましょう！,클랜을 위해 명예 포인트를 획득하고 클랜 금고에서 보상을 받으세요!,Prestige For At Optjene Kugler Til Din Klan Og Gøre Krav På Belønningerne Inde I Klanens Hvælving!,Verdien Prestige Om Orbs Voor Je Clan Te Verdienen En De Beloningen In De Clankluis Te Claimen!,Gagnez Du Prestige Pour Votre Clan Et Réclamez Les Récompenses Dans Le Coffre Du Clan !,"Sammle Prestige, Um Kugeln Für Deinen Clan Zu Verdienen Und Die Belohnungen Im Clan-Tresor Abzuholen!",Ottieni Prestigio Per Guadagnare Sfere Per Il Tuo Clan E Riscattare Le Ricompense All'Interno Del Forziere Del Clan!,Prestisje For Å Tjene Kuler Til Klanen Din Og Kreve Belønningene I Klanhvelvet!,"Повышайте Престиж, Чтобы Зарабатывать Сферы Для Своего Клана И Забирать Награды Из Хранилища Клана!",¡Consigue Prestigio Para Ganar Orbes Para Tu Clan Y Reclama Las Recompensas Dentro De La Bóveda Del Clan!,Prestige För Att Tjäna Klot Åt ​​Din Klan Och Hämta Belöningarna Inuti Klanvalvet!,Klanınız Için Küreler Kazanmak Ve Klan Kasasının Içindeki Ödülleri Almak Için Prestij Kazanın!,Aumente Seu Prestígio Para Ganhar Orbes Para O Seu Clã E Resgatar As Recompensas Dentro Do Cofre Do Clã!
SEASON_VIP_REWARD_BEAR_SHOP_TITLE,VIP Benefits During the Event!,,,BONUS:<color=yellow> No More Ads!,獎金：<color=yellow>不再有廣告！,奖金：<color=yellow>不再有广告！,ボーナス：<color=yellow>広告はもう表示されません！,보너스:<color=yellow>광고 없음!,BONUS: <color=yellow>Ingen Flere Annoncer!,BONUS: <color=yellow>Geen Advertenties Meer!,BONUS: <color=yellow>Plus De Publicités !,BONUS: <color=yellow>Keine Werbung Mehr!,BONUS: <color=yellow>Niente Più Pubblicità!,BONUS: <color=yellow>Ingen Flere Annonser!,BONUS: <color=yellow>Больше Никакой Рекламы!,BONUS: <color=yellow>¡No Más Anuncios!,BONUS: <color=yellow>Inga Fler Annonser!,BONUS: <color=yellow>Artık Reklam Yok!,BONUS: <color=yellow>Chega De Anúncios!
SEASON_VIP_REWARD_BEAR_SHOP_DESC,you will get video ad skip and all other vip benefits for the duration of the event!,,,You will get Video Ad Skip and all other VIP benefits for the duration of the event!,活動期間，您將享受視訊廣告跳過及其他所有VIP特權！,活动期间，您将享受视讯广告跳过及其他所有VIP特权！,イベント期間中は、動画広告スキップをはじめとするすべてのVIP特典をご利用いただけます！,이벤트 기간 동안 동영상 광고 건너뛰기 및 기타 모든 VIP 혜택을 받으실 수 있습니다!,Du får mulighed for at springe videoannoncer over og alle andre VIP-fordele i hele eventet!,Je krijgt toegang tot het overslaan van videoadvertenties en alle andere VIP-voordelen gedurende de hele duur van het evenement!,Vous bénéficierez de la possibilité de sauter les publicités vidéo et de tous les autres avantages VIP pendant toute la durée de l'événement !,"Sie erhalten die Möglichkeit, Videowerbung zu überspringen und alle anderen VIP-Vorteile für die Dauer der Veranstaltung!",Potrai saltare gli annunci video e usufruire di tutti gli altri vantaggi VIP per tutta la durata dell'evento!,Du får muligheten til å hoppe over videoannonser og alle andre VIP-fordeler under hele arrangementet!,Вы получите возможность пропускать видеорекламу и все остальные VIP-преимущества на время мероприятия!,¡Disfrutarás de la opción de saltarte los anuncios de vídeo y de todos los demás beneficios VIP durante la duración del evento!,Du får möjlighet att hoppa över videoannonser och alla andra VIP-förmåner under hela evenemanget!,Etkinlik süresince video reklamlarını atlama ve diğer tüm VIP ayrıcalıklarından yararlanacaksınız!,Você poderá pular anúncios em vídeo e aproveitar todos os outros benefícios VIP durante o evento!
SEND_GIFT_ANONYMOUSLY,send gift anonymously,,,Send Gift Anonymously,匿名送禮,匿名送礼,匿名でギフトを送る,익명으로 선물 보내기,Send Gaven Anonymt,Stuur Anoniem Een ​​Cadeau,Envoyer Un Cadeau Anonymement,Geschenk Anonym Versenden,Inviare Un Regalo In Forma Anonima,Send Gave Anonymt,Отправить Подарок Анонимно,Enviar Regalo De Forma Anónima,Skicka Present Anonymt,Anonim Olarak Hediye Gönder,Enviar Presente Anonimamente